FUND_CD,FUND_NM,HASHTAG,STD_PRC,DIFF_PRC,DRV_NAV,PRNK_FUND_NAV_1D,SET_DT,RT_1M,RT_3M,RT_6M,RT_YTD,RT_1Y,RT_3Y,RT_5Y,TER,RISK_GRADE,RISK_GRADE_TXT,CO_NM,FEE_GB,CLA_URL,INV_URL,PEER_CD_L_NM,PEER_CD_NM,DRV_SET_AMT,MANAGER,CUSTODY_NM,BACK_NM,INFO_OBJECT,INFO_STRATEGY,REF_BM,REGION,AMT_GB,EXCE_BM,RISK_GB,RT_GB,SMALL_SCALE_YN,STOCK_FRG_RT,STOCK_RT,BOND_FRG_RT,BOND_RT,INVEST_RT,ETC_RT,PEER_STOCK_FRG_RT,PEER_STOCK_RT,PEER_BOND_FRG_RT,PEER_BOND_RT,PEER_INVEST_RT,PEER_ETC_RT
K55301DS3146,미래에셋TIGER필라델피아반도체레버리지증권상장지수투자신탁(주식혼합-파생형)(합성),#해외주식형#ETF(해외주식)#레버리지#레버리지#북미,26382.79,291.54,2266.28,20.45,2022.04.14,26.77,12.45,100.88,62.02,115.56,,,0.67,1,매우 높은 위험,미래에셋자산운용,"선취(X),후취(X),환매(X)",http:&#47;&#47;file.fnguide.com&#47;upload1&#47;FnSpectrum&#47;invest&#47;K55301DS3146_약.pdf,http:&#47;&#47;file.fnguide.com&#47;upload1&#47;FnSpectrum&#47;invest&#47;K55301DS3146_투.pdf,해외주식형,정보기술섹터,859,김지연,한국씨티은행,한국펀드파트너스,"이 투자신탁은 주식관련 파생상품 및 집합투자증권을 법 시행령 제94조제2항제4호에서 규정하는 주된 투자대상자산으로 하며, 미국 주식으로 구성된 PHLX Semiconductor Sector 지수(원화환산)를 기초지수로하여 1좌당 순자산가치의 일간변 동률을 기초지수 일간변동률의 양의 2배수로 연동하여 투자신탁재산을 운용함을 목적으로 합니다.","이 투자신탁은 Nasdaq에서 발표하는 PHLX Semiconductor Sector 지수(원화환산)를 기초지수로 하여 기초지수의 일간 수익률의 양의 2배수 수익률과 연동하는 것을 목적으로 하는 상장지수투자신탁으로서, 기초지수관련 파생상품(스왑) 및 집합투자증권을 주된 투자대상으로 하여 투자신탁의 일간수익률이 기초지수 일간수익률의 양의 2배수 수익률과 연동하도록 운용합니다.",PHLX Semiconductor Sector Leveraged Index(원화환산) * 100%,북미&#47;북미,상승,좋음,높음,좋음,N,0.0,0.0,0.0,0.0,7.19,92.81,76.68,6.02,0.0,0.0,2.54,14.76
K55301DQ3577,미래에셋TIGER미국나스닥100레버리지증권상장지수투자신탁(주식혼합-파생형)(합성),#해외주식형#ETF(해외주식)#레버리지#레버리지#북미,19057.81,127.56,657.49,28.74,2022.02.18,14.35,8.72,46.63,35.38,73.37,,,0.37,1,매우 높은 위험,미래에셋자산운용,"선취(X),후취(X),환매(X)",,http:&#47;&#47;file.fnguide.com&#47;upload1&#47;FnSpectrum&#47;invest&#47;K55301DQ3577_투.pdf,해외주식형,북미주식,345,김지연,한국씨티은행,한국펀드파트너스,"이 투자신탁은 주식관련 파생상품 및 집합투자증권을 법 시행령 제94조제2항제4호에서 규정하는 주된 투자대상자산으로 하며, 미국 주식으로 구성된 &#34;NASDAQ-100 지수(원화환산)&#34;를 기초지수로하여 1좌당 순자산가치의 일간변동률을 기초지 수 일간변동률의 양의 2배수로 연동하여 투자신탁재산을 운용함을 목적으로 합니다.","이 투자신탁은 Nasdaq에서 발표하는 &#34;NASDAQ-100 지수(원화환산)&#34;를 기초지수로 하여 기초지수의 일간수익률의 양(陽) 의 2배수 수익률과 연동하는 것을 목적으로 하는 상장지수투자신탁으로서, 기초지수관련 파생상품(스왑 및 선물) 및 집합 투자증권을 주된 투자대상으로 하여 투자신탁의 일간수익률이 기초지수 일간수익률의 양의 2배수 수익률과 연동하도 록 운용합니다.",NASDAQ-100 Leveraged Index(원화환산) * 100%,북미&#47;북미,하락,좋음,높음,좋음,N,0.0,0.0,0.0,0.0,9.55,90.45,76.75,0.0,0.0,1.75,18.61,2.89
KR5301714576,미래에셋인디아인프라섹터증권모투자신탁(주식),#해외주식형#모펀드#인프라펀드#인도,2775.85,115.74,1162.7,7.88,2007.07.13,10.67,20.02,47.72,37.01,70.98,117.13,154.86,,2,높은 위험,미래에셋자산운용,"선취(X),후취(X),환매(X)",http:&#47;&#47;file.fnguide.com&#47;upload1&#47;FnSpectrum&#47;invest&#47;KR5301714576_미래에셋인디아인프라섹터주식형모_약.doc,http:&#47;&#47;file.fnguide.com&#47;upload1&#47;FnSpectrum&#47;invest&#47;KR5301714576_미래에셋인디아인프라섹터증권모투자신탁(주식)_투.pdf,해외주식형,신흥아시아주식,419,,HSBC은행,한국펀드파트너스,인도의 인프라관련 주식에 주로 투자하여 장기적인 자본이득을추구합니다주로 주식에 투자하는 주식형펀드로서 인디아의 인프라관련 주식에 투자하여 장기적인 자본이득을 추구합니다.,"자산총액의 60% 이상을 인도에 상장된 인프라 관련 주식에 투자합니다. 인프라 관련 주식이라 함은 사회기반시설과 관련된 산업재, 원자재, 에너지, 유틸리티, 통신 등 업종에 속한 주식을 뜻합니다. 벤치마크인 MSCI India Infra Index (Customized)의 수익률을 상회하는 투자 수익을 거두는 것을 목표로 합니다.",MSCI India Infra Index (Customized),인도&#47;인도,상승,좋음,보통,좋음,N,88.87,0.0,0.0,0.0,0.0,11.13,84.75,0.03,0.0,0.0,8.99,6.23
K55301B25311,미래에셋연금인디아인프라증권자투자신탁 1(주식),#해외주식형#인프라펀드#인도,1130.22,46.91,858.49,31.13,2015.05.14,10.61,19.93,47.54,36.88,70.68,116.68,154.21,,2,높은 위험,미래에셋자산운용,"선취(X),후취(X),환매(X)",http:&#47;&#47;file.fnguide.com&#47;upload1&#47;FnSpectrum&#47;invest&#47;K55301B25311_약.pdf,http:&#47;&#47;file.fnguide.com&#47;upload1&#47;FnSpectrum&#47;invest&#47;K55301B25311_투.pdf,해외주식형,인도주식,760,,우리은행,한국펀드파트너스,이 투자신탁은 인도 주식에 주로 투자하는 미래에셋인디아인프라섹터증권모투자신탁(주식)을 법 시행령 제94조제2항제4호에서 규정하는주된 투자대상자산으로 하여 투자대상자산의 가격 상승에 따른 투자 수익을 추구합니다.,① 기본적으로 미래에셋인디아인프라섹터증권모투자신탁(주식)에 90% 이상 투자합니다. ② 모투자신탁에의 투자비중은 시장상황에 따라 전략적으로 결정됩니다.,MSCI Customized India Industrials(60%) + Energy(10%) + Materials(10%)+ Telecom(10%) + Utilities(10%) Index,인도&#47;인도,상승,좋음,높음,좋음,N,88.05,0.0,0.0,0.0,0.0,11.95,50.48,0.0,0.0,0.0,20.41,29.11
KR5301714584,미래에셋인디아인프라섹터증권자투자신탁 1(주식),#해외주식형#인프라펀드#인도,3060.99,127.36,302.03,47.64,2007.07.13,10.65,19.96,47.5,36.87,70.61,116.51,153.83,,2,높은 위험,미래에셋자산운용,"선취(X),후취(X),환매(X)",http:&#47;&#47;file.fnguide.com&#47;upload1&#47;FnSpectrum&#47;invest&#47;KR5301714584_약.pdf,http:&#47;&#47;file.fnguide.com&#47;upload1&#47;FnSpectrum&#47;invest&#47;KR5301714584_투.pdf,해외주식형,인도주식,99,,HSBC은행,한국펀드파트너스,이 투자신탁은 인도 지역 주식에 주로 투자하는 모투자신탁을 법 시행령 제94조 제2항 제4호에서 규정하는 주된 투자대상자산으로 하여 투자대상자산의 가격 상승에 따른 투자 수익을 추구합니다.,이 투자신탁이 투자하는 미래에셋 인디아 인프라 섹터 증권 모투자신탁(주식)의 투자전략은 다음과 같습니다. 1. 인도의 인프라관련 주식에 60% 이상 투자합니다. 2. 주식은 개별 기업의 가치 및 위험 등에 대한 내재적 가치 분석에 의한 운용 전략과 경제 환경 등에 대한 거시 경제 분석에 의한 운용 전략을 병행하여 적극적으로 운용합니다.,MSCI Customized India Industrials(60%) + Energy(10%) + Materials(10%) + Telecom(10%) + Utilities(10%) Index,인도&#47;인도,상승,좋음,높음,좋음,N,87.64,0.0,0.0,0.0,0.0,12.36,50.48,0.0,0.0,0.0,20.41,29.11
K55301DS3146,미래에셋TIGER필라델피아반도체레버리지증권상장지수투자신탁(주식혼합-파생형)(합성),#해외주식형#ETF(해외주식)#레버리지#레버리지#북미,26382.79,291.54,2266.28,20.45,2022.04.14,26.77,12.45,100.88,62.02,115.56,,,0.67,1,매우 높은 위험,미래에셋자산운용,"선취(X),후취(X),환매(X)",http:&#47;&#47;file.fnguide.com&#47;upload1&#47;FnSpectrum&#47;invest&#47;K55301DS3146_약.pdf,http:&#47;&#47;file.fnguide.com&#47;upload1&#47;FnSpectrum&#47;invest&#47;K55301DS3146_투.pdf,해외주식형,정보기술섹터,859,김지연,한국씨티은행,한국펀드파트너스,"이 투자신탁은 주식관련 파생상품 및 집합투자증권을 법 시행령 제94조제2항제4호에서 규정하는 주된 투자대상자산으로 하며, 미국 주식으로 구성된 PHLX Semiconductor Sector 지수(원화환산)를 기초지수로하여 1좌당 순자산가치의 일간변 동률을 기초지수 일간변동률의 양의 2배수로 연동하여 투자신탁재산을 운용함을 목적으로 합니다.","이 투자신탁은 Nasdaq에서 발표하는 PHLX Semiconductor Sector 지수(원화환산)를 기초지수로 하여 기초지수의 일간 수익률의 양의 2배수 수익률과 연동하는 것을 목적으로 하는 상장지수투자신탁으로서, 기초지수관련 파생상품(스왑) 및 집합투자증권을 주된 투자대상으로 하여 투자신탁의 일간수익률이 기초지수 일간수익률의 양의 2배수 수익률과 연동하도록 운용합니다.",PHLX Semiconductor Sector Leveraged Index(원화환산) * 100%,북미&#47;북미,상승,좋음,높음,좋음,N,0.0,0.0,0.0,0.0,7.19,92.81,76.68,6.02,0.0,0.0,2.54,14.76
K55301DQ3577,미래에셋TIGER미국나스닥100레버리지증권상장지수투자신탁(주식혼합-파생형)(합성),#해외주식형#ETF(해외주식)#레버리지#레버리지#북미,19057.81,127.56,657.49,28.74,2022.02.18,14.35,8.72,46.63,35.38,73.37,,,0.37,1,매우 높은 위험,미래에셋자산운용,"선취(X),후취(X),환매(X)",,http:&#47;&#47;file.fnguide.com&#47;upload1&#47;FnSpectrum&#47;invest&#47;K55301DQ3577_투.pdf,해외주식형,북미주식,345,김지연,한국씨티은행,한국펀드파트너스,"이 투자신탁은 주식관련 파생상품 및 집합투자증권을 법 시행령 제94조제2항제4호에서 규정하는 주된 투자대상자산으로 하며, 미국 주식으로 구성된 &#34;NASDAQ-100 지수(원화환산)&#34;를 기초지수로하여 1좌당 순자산가치의 일간변동률을 기초지 수 일간변동률의 양의 2배수로 연동하여 투자신탁재산을 운용함을 목적으로 합니다.","이 투자신탁은 Nasdaq에서 발표하는 &#34;NASDAQ-100 지수(원화환산)&#34;를 기초지수로 하여 기초지수의 일간수익률의 양(陽) 의 2배수 수익률과 연동하는 것을 목적으로 하는 상장지수투자신탁으로서, 기초지수관련 파생상품(스왑 및 선물) 및 집합 투자증권을 주된 투자대상으로 하여 투자신탁의 일간수익률이 기초지수 일간수익률의 양의 2배수 수익률과 연동하도 록 운용합니다.",NASDAQ-100 Leveraged Index(원화환산) * 100%,북미&#47;북미,하락,좋음,높음,좋음,N,0.0,0.0,0.0,0.0,9.55,90.45,76.75,0.0,0.0,1.75,18.61,2.89
KR5301714576,미래에셋인디아인프라섹터증권모투자신탁(주식),#해외주식형#모펀드#인프라펀드#인도,2775.85,115.74,1162.7,7.88,2007.07.13,10.67,20.02,47.72,37.01,70.98,117.13,154.86,,2,높은 위험,미래에셋자산운용,"선취(X),후취(X),환매(X)",http:&#47;&#47;file.fnguide.com&#47;upload1&#47;FnSpectrum&#47;invest&#47;KR5301714576_미래에셋인디아인프라섹터주식형모_약.doc,http:&#47;&#47;file.fnguide.com&#47;upload1&#47;FnSpectrum&#47;invest&#47;KR5301714576_미래에셋인디아인프라섹터증권모투자신탁(주식)_투.pdf,해외주식형,신흥아시아주식,419,,HSBC은행,한국펀드파트너스,인도의 인프라관련 주식에 주로 투자하여 장기적인 자본이득을추구합니다주로 주식에 투자하는 주식형펀드로서 인디아의 인프라관련 주식에 투자하여 장기적인 자본이득을 추구합니다.,"자산총액의 60% 이상을 인도에 상장된 인프라 관련 주식에 투자합니다. 인프라 관련 주식이라 함은 사회기반시설과 관련된 산업재, 원자재, 에너지, 유틸리티, 통신 등 업종에 속한 주식을 뜻합니다. 벤치마크인 MSCI India Infra Index (Customized)의 수익률을 상회하는 투자 수익을 거두는 것을 목표로 합니다.",MSCI India Infra Index (Customized),인도&#47;인도,상승,좋음,보통,좋음,N,88.87,0.0,0.0,0.0,0.0,11.13,84.75,0.03,0.0,0.0,8.99,6.23
K55301B25311,미래에셋연금인디아인프라증권자투자신탁 1(주식),#해외주식형#인프라펀드#인도,1130.22,46.91,858.49,31.13,2015.05.14,10.61,19.93,47.54,36.88,70.68,116.68,154.21,,2,높은 위험,미래에셋자산운용,"선취(X),후취(X),환매(X)",http:&#47;&#47;file.fnguide.com&#47;upload1&#47;FnSpectrum&#47;invest&#47;K55301B25311_약.pdf,http:&#47;&#47;file.fnguide.com&#47;upload1&#47;FnSpectrum&#47;invest&#47;K55301B25311_투.pdf,해외주식형,인도주식,760,,우리은행,한국펀드파트너스,이 투자신탁은 인도 주식에 주로 투자하는 미래에셋인디아인프라섹터증권모투자신탁(주식)을 법 시행령 제94조제2항제4호에서 규정하는주된 투자대상자산으로 하여 투자대상자산의 가격 상승에 따른 투자 수익을 추구합니다.,① 기본적으로 미래에셋인디아인프라섹터증권모투자신탁(주식)에 90% 이상 투자합니다. ② 모투자신탁에의 투자비중은 시장상황에 따라 전략적으로 결정됩니다.,MSCI Customized India Industrials(60%) + Energy(10%) + Materials(10%)+ Telecom(10%) + Utilities(10%) Index,인도&#47;인도,상승,좋음,높음,좋음,N,88.05,0.0,0.0,0.0,0.0,11.95,50.48,0.0,0.0,0.0,20.41,29.11
KR5301714584,미래에셋인디아인프라섹터증권자투자신탁 1(주식),#해외주식형#인프라펀드#인도,3060.99,127.36,302.03,47.64,2007.07.13,10.65,19.96,47.5,36.87,70.61,116.51,153.83,,2,높은 위험,미래에셋자산운용,"선취(X),후취(X),환매(X)",http:&#47;&#47;file.fnguide.com&#47;upload1&#47;FnSpectrum&#47;invest&#47;KR5301714584_약.pdf,http:&#47;&#47;file.fnguide.com&#47;upload1&#47;FnSpectrum&#47;invest&#47;KR5301714584_투.pdf,해외주식형,인도주식,99,,HSBC은행,한국펀드파트너스,이 투자신탁은 인도 지역 주식에 주로 투자하는 모투자신탁을 법 시행령 제94조 제2항 제4호에서 규정하는 주된 투자대상자산으로 하여 투자대상자산의 가격 상승에 따른 투자 수익을 추구합니다.,이 투자신탁이 투자하는 미래에셋 인디아 인프라 섹터 증권 모투자신탁(주식)의 투자전략은 다음과 같습니다. 1. 인도의 인프라관련 주식에 60% 이상 투자합니다. 2. 주식은 개별 기업의 가치 및 위험 등에 대한 내재적 가치 분석에 의한 운용 전략과 경제 환경 등에 대한 거시 경제 분석에 의한 운용 전략을 병행하여 적극적으로 운용합니다.,MSCI Customized India Industrials(60%) + Energy(10%) + Materials(10%) + Telecom(10%) + Utilities(10%) Index,인도&#47;인도,상승,좋음,높음,좋음,N,87.64,0.0,0.0,0.0,0.0,12.36,50.48,0.0,0.0,0.0,20.41,29.11
K55301DS3146,미래에셋TIGER필라델피아반도체레버리지증권상장지수투자신탁(주식혼합-파생형)(합성),#해외주식형#ETF(해외주식)#레버리지#레버리지#북미,26382.79,291.54,2266.28,20.45,2022.04.14,26.77,12.45,100.88,62.02,115.56,,,0.67,1,매우 높은 위험,미래에셋자산운용,"선취(X),후취(X),환매(X)",http:&#47;&#47;file.fnguide.com&#47;upload1&#47;FnSpectrum&#47;invest&#47;K55301DS3146_약.pdf,http:&#47;&#47;file.fnguide.com&#47;upload1&#47;FnSpectrum&#47;invest&#47;K55301DS3146_투.pdf,해외주식형,정보기술섹터,859,김지연,한국씨티은행,한국펀드파트너스,"이 투자신탁은 주식관련 파생상품 및 집합투자증권을 법 시행령 제94조제2항제4호에서 규정하는 주된 투자대상자산으로 하며, 미국 주식으로 구성된 PHLX Semiconductor Sector 지수(원화환산)를 기초지수로하여 1좌당 순자산가치의 일간변 동률을 기초지수 일간변동률의 양의 2배수로 연동하여 투자신탁재산을 운용함을 목적으로 합니다.","이 투자신탁은 Nasdaq에서 발표하는 PHLX Semiconductor Sector 지수(원화환산)를 기초지수로 하여 기초지수의 일간 수익률의 양의 2배수 수익률과 연동하는 것을 목적으로 하는 상장지수투자신탁으로서, 기초지수관련 파생상품(스왑) 및 집합투자증권을 주된 투자대상으로 하여 투자신탁의 일간수익률이 기초지수 일간수익률의 양의 2배수 수익률과 연동하도록 운용합니다.",PHLX Semiconductor Sector Leveraged Index(원화환산) * 100%,북미&#47;북미,상승,좋음,높음,좋음,N,0.0,0.0,0.0,0.0,7.19,92.81,76.68,6.02,0.0,0.0,2.54,14.76
K55301DQ3577,미래에셋TIGER미국나스닥100레버리지증권상장지수투자신탁(주식혼합-파생형)(합성),#해외주식형#ETF(해외주식)#레버리지#레버리지#북미,19057.81,127.56,657.49,28.74,2022.02.18,14.35,8.72,46.63,35.38,73.37,,,0.37,1,매우 높은 위험,미래에셋자산운용,"선취(X),후취(X),환매(X)",,http:&#47;&#47;file.fnguide.com&#47;upload1&#47;FnSpectrum&#47;invest&#47;K55301DQ3577_투.pdf,해외주식형,북미주식,345,김지연,한국씨티은행,한국펀드파트너스,"이 투자신탁은 주식관련 파생상품 및 집합투자증권을 법 시행령 제94조제2항제4호에서 규정하는 주된 투자대상자산으로 하며, 미국 주식으로 구성된 &#34;NASDAQ-100 지수(원화환산)&#34;를 기초지수로하여 1좌당 순자산가치의 일간변동률을 기초지 수 일간변동률의 양의 2배수로 연동하여 투자신탁재산을 운용함을 목적으로 합니다.","이 투자신탁은 Nasdaq에서 발표하는 &#34;NASDAQ-100 지수(원화환산)&#34;를 기초지수로 하여 기초지수의 일간수익률의 양(陽) 의 2배수 수익률과 연동하는 것을 목적으로 하는 상장지수투자신탁으로서, 기초지수관련 파생상품(스왑 및 선물) 및 집합 투자증권을 주된 투자대상으로 하여 투자신탁의 일간수익률이 기초지수 일간수익률의 양의 2배수 수익률과 연동하도 록 운용합니다.",NASDAQ-100 Leveraged Index(원화환산) * 100%,북미&#47;북미,하락,좋음,높음,좋음,N,0.0,0.0,0.0,0.0,9.55,90.45,76.75,0.0,0.0,1.75,18.61,2.89
KR5301714576,미래에셋인디아인프라섹터증권모투자신탁(주식),#해외주식형#모펀드#인프라펀드#인도,2775.85,115.74,1162.7,7.88,2007.07.13,10.67,20.02,47.72,37.01,70.98,117.13,154.86,,2,높은 위험,미래에셋자산운용,"선취(X),후취(X),환매(X)",http:&#47;&#47;file.fnguide.com&#47;upload1&#47;FnSpectrum&#47;invest&#47;KR5301714576_미래에셋인디아인프라섹터주식형모_약.doc,http:&#47;&#47;file.fnguide.com&#47;upload1&#47;FnSpectrum&#47;invest&#47;KR5301714576_미래에셋인디아인프라섹터증권모투자신탁(주식)_투.pdf,해외주식형,신흥아시아주식,419,,HSBC은행,한국펀드파트너스,인도의 인프라관련 주식에 주로 투자하여 장기적인 자본이득을추구합니다주로 주식에 투자하는 주식형펀드로서 인디아의 인프라관련 주식에 투자하여 장기적인 자본이득을 추구합니다.,"자산총액의 60% 이상을 인도에 상장된 인프라 관련 주식에 투자합니다. 인프라 관련 주식이라 함은 사회기반시설과 관련된 산업재, 원자재, 에너지, 유틸리티, 통신 등 업종에 속한 주식을 뜻합니다. 벤치마크인 MSCI India Infra Index (Customized)의 수익률을 상회하는 투자 수익을 거두는 것을 목표로 합니다.",MSCI India Infra Index (Customized),인도&#47;인도,상승,좋음,보통,좋음,N,88.87,0.0,0.0,0.0,0.0,11.13,84.75,0.03,0.0,0.0,8.99,6.23
K55301B25311,미래에셋연금인디아인프라증권자투자신탁 1(주식),#해외주식형#인프라펀드#인도,1130.22,46.91,858.49,31.13,2015.05.14,10.61,19.93,47.54,36.88,70.68,116.68,154.21,,2,높은 위험,미래에셋자산운용,"선취(X),후취(X),환매(X)",http:&#47;&#47;file.fnguide.com&#47;upload1&#47;FnSpectrum&#47;invest&#47;K55301B25311_약.pdf,http:&#47;&#47;file.fnguide.com&#47;upload1&#47;FnSpectrum&#47;invest&#47;K55301B25311_투.pdf,해외주식형,인도주식,760,,우리은행,한국펀드파트너스,이 투자신탁은 인도 주식에 주로 투자하는 미래에셋인디아인프라섹터증권모투자신탁(주식)을 법 시행령 제94조제2항제4호에서 규정하는주된 투자대상자산으로 하여 투자대상자산의 가격 상승에 따른 투자 수익을 추구합니다.,① 기본적으로 미래에셋인디아인프라섹터증권모투자신탁(주식)에 90% 이상 투자합니다. ② 모투자신탁에의 투자비중은 시장상황에 따라 전략적으로 결정됩니다.,MSCI Customized India Industrials(60%) + Energy(10%) + Materials(10%)+ Telecom(10%) + Utilities(10%) Index,인도&#47;인도,상승,좋음,높음,좋음,N,88.05,0.0,0.0,0.0,0.0,11.95,50.48,0.0,0.0,0.0,20.41,29.11
KR5301714584,미래에셋인디아인프라섹터증권자투자신탁 1(주식),#해외주식형#인프라펀드#인도,3060.99,127.36,302.03,47.64,2007.07.13,10.65,19.96,47.5,36.87,70.61,116.51,153.83,,2,높은 위험,미래에셋자산운용,"선취(X),후취(X),환매(X)",http:&#47;&#47;file.fnguide.com&#47;upload1&#47;FnSpectrum&#47;invest&#47;KR5301714584_약.pdf,http:&#47;&#47;file.fnguide.com&#47;upload1&#47;FnSpectrum&#47;invest&#47;KR5301714584_투.pdf,해외주식형,인도주식,99,,HSBC은행,한국펀드파트너스,이 투자신탁은 인도 지역 주식에 주로 투자하는 모투자신탁을 법 시행령 제94조 제2항 제4호에서 규정하는 주된 투자대상자산으로 하여 투자대상자산의 가격 상승에 따른 투자 수익을 추구합니다.,이 투자신탁이 투자하는 미래에셋 인디아 인프라 섹터 증권 모투자신탁(주식)의 투자전략은 다음과 같습니다. 1. 인도의 인프라관련 주식에 60% 이상 투자합니다. 2. 주식은 개별 기업의 가치 및 위험 등에 대한 내재적 가치 분석에 의한 운용 전략과 경제 환경 등에 대한 거시 경제 분석에 의한 운용 전략을 병행하여 적극적으로 운용합니다.,MSCI Customized India Industrials(60%) + Energy(10%) + Materials(10%) + Telecom(10%) + Utilities(10%) Index,인도&#47;인도,상승,좋음,높음,좋음,N,87.64,0.0,0.0,0.0,0.0,12.36,50.48,0.0,0.0,0.0,20.41,29.11
K55301DS3146,미래에셋TIGER필라델피아반도체레버리지증권상장지수투자신탁(주식혼합-파생형)(합성),#해외주식형#ETF(해외주식)#레버리지#레버리지#북미,26382.79,291.54,2266.28,20.45,2022.04.14,26.77,12.45,100.88,62.02,115.56,,,0.67,1,매우 높은 위험,미래에셋자산운용,"선취(X),후취(X),환매(X)",http:&#47;&#47;file.fnguide.com&#47;upload1&#47;FnSpectrum&#47;invest&#47;K55301DS3146_약.pdf,http:&#47;&#47;file.fnguide.com&#47;upload1&#47;FnSpectrum&#47;invest&#47;K55301DS3146_투.pdf,해외주식형,정보기술섹터,859,김지연,한국씨티은행,한국펀드파트너스,"이 투자신탁은 주식관련 파생상품 및 집합투자증권을 법 시행령 제94조제2항제4호에서 규정하는 주된 투자대상자산으로 하며, 미국 주식으로 구성된 PHLX Semiconductor Sector 지수(원화환산)를 기초지수로하여 1좌당 순자산가치의 일간변 동률을 기초지수 일간변동률의 양의 2배수로 연동하여 투자신탁재산을 운용함을 목적으로 합니다.","이 투자신탁은 Nasdaq에서 발표하는 PHLX Semiconductor Sector 지수(원화환산)를 기초지수로 하여 기초지수의 일간 수익률의 양의 2배수 수익률과 연동하는 것을 목적으로 하는 상장지수투자신탁으로서, 기초지수관련 파생상품(스왑) 및 집합투자증권을 주된 투자대상으로 하여 투자신탁의 일간수익률이 기초지수 일간수익률의 양의 2배수 수익률과 연동하도록 운용합니다.",PHLX Semiconductor Sector Leveraged Index(원화환산) * 100%,북미&#47;북미,상승,좋음,높음,좋음,N,0.0,0.0,0.0,0.0,7.19,92.81,76.68,6.02,0.0,0.0,2.54,14.76
K55301DQ3577,미래에셋TIGER미국나스닥100레버리지증권상장지수투자신탁(주식혼합-파생형)(합성),#해외주식형#ETF(해외주식)#레버리지#레버리지#북미,19057.81,127.56,657.49,28.74,2022.02.18,14.35,8.72,46.63,35.38,73.37,,,0.37,1,매우 높은 위험,미래에셋자산운용,"선취(X),후취(X),환매(X)",,http:&#47;&#47;file.fnguide.com&#47;upload1&#47;FnSpectrum&#47;invest&#47;K55301DQ3577_투.pdf,해외주식형,북미주식,345,김지연,한국씨티은행,한국펀드파트너스,"이 투자신탁은 주식관련 파생상품 및 집합투자증권을 법 시행령 제94조제2항제4호에서 규정하는 주된 투자대상자산으로 하며, 미국 주식으로 구성된 &#34;NASDAQ-100 지수(원화환산)&#34;를 기초지수로하여 1좌당 순자산가치의 일간변동률을 기초지 수 일간변동률의 양의 2배수로 연동하여 투자신탁재산을 운용함을 목적으로 합니다.","이 투자신탁은 Nasdaq에서 발표하는 &#34;NASDAQ-100 지수(원화환산)&#34;를 기초지수로 하여 기초지수의 일간수익률의 양(陽) 의 2배수 수익률과 연동하는 것을 목적으로 하는 상장지수투자신탁으로서, 기초지수관련 파생상품(스왑 및 선물) 및 집합 투자증권을 주된 투자대상으로 하여 투자신탁의 일간수익률이 기초지수 일간수익률의 양의 2배수 수익률과 연동하도 록 운용합니다.",NASDAQ-100 Leveraged Index(원화환산) * 100%,북미&#47;북미,하락,좋음,높음,좋음,N,0.0,0.0,0.0,0.0,9.55,90.45,76.75,0.0,0.0,1.75,18.61,2.89
KR5301714576,미래에셋인디아인프라섹터증권모투자신탁(주식),#해외주식형#모펀드#인프라펀드#인도,2775.85,115.74,1162.7,7.88,2007.07.13,10.67,20.02,47.72,37.01,70.98,117.13,154.86,,2,높은 위험,미래에셋자산운용,"선취(X),후취(X),환매(X)",http:&#47;&#47;file.fnguide.com&#47;upload1&#47;FnSpectrum&#47;invest&#47;KR5301714576_미래에셋인디아인프라섹터주식형모_약.doc,http:&#47;&#47;file.fnguide.com&#47;upload1&#47;FnSpectrum&#47;invest&#47;KR5301714576_미래에셋인디아인프라섹터증권모투자신탁(주식)_투.pdf,해외주식형,신흥아시아주식,419,,HSBC은행,한국펀드파트너스,인도의 인프라관련 주식에 주로 투자하여 장기적인 자본이득을추구합니다주로 주식에 투자하는 주식형펀드로서 인디아의 인프라관련 주식에 투자하여 장기적인 자본이득을 추구합니다.,"자산총액의 60% 이상을 인도에 상장된 인프라 관련 주식에 투자합니다. 인프라 관련 주식이라 함은 사회기반시설과 관련된 산업재, 원자재, 에너지, 유틸리티, 통신 등 업종에 속한 주식을 뜻합니다. 벤치마크인 MSCI India Infra Index (Customized)의 수익률을 상회하는 투자 수익을 거두는 것을 목표로 합니다.",MSCI India Infra Index (Customized),인도&#47;인도,상승,좋음,보통,좋음,N,88.87,0.0,0.0,0.0,0.0,11.13,84.75,0.03,0.0,0.0,8.99,6.23
K55301B25311,미래에셋연금인디아인프라증권자투자신탁 1(주식),#해외주식형#인프라펀드#인도,1130.22,46.91,858.49,31.13,2015.05.14,10.61,19.93,47.54,36.88,70.68,116.68,154.21,,2,높은 위험,미래에셋자산운용,"선취(X),후취(X),환매(X)",http:&#47;&#47;file.fnguide.com&#47;upload1&#47;FnSpectrum&#47;invest&#47;K55301B25311_약.pdf,http:&#47;&#47;file.fnguide.com&#47;upload1&#47;FnSpectrum&#47;invest&#47;K55301B25311_투.pdf,해외주식형,인도주식,760,,우리은행,한국펀드파트너스,이 투자신탁은 인도 주식에 주로 투자하는 미래에셋인디아인프라섹터증권모투자신탁(주식)을 법 시행령 제94조제2항제4호에서 규정하는주된 투자대상자산으로 하여 투자대상자산의 가격 상승에 따른 투자 수익을 추구합니다.,① 기본적으로 미래에셋인디아인프라섹터증권모투자신탁(주식)에 90% 이상 투자합니다. ② 모투자신탁에의 투자비중은 시장상황에 따라 전략적으로 결정됩니다.,MSCI Customized India Industrials(60%) + Energy(10%) + Materials(10%)+ Telecom(10%) + Utilities(10%) Index,인도&#47;인도,상승,좋음,높음,좋음,N,88.05,0.0,0.0,0.0,0.0,11.95,50.48,0.0,0.0,0.0,20.41,29.11
KR5301714584,미래에셋인디아인프라섹터증권자투자신탁 1(주식),#해외주식형#인프라펀드#인도,3060.99,127.36,302.03,47.64,2007.07.13,10.65,19.96,47.5,36.87,70.61,116.51,153.83,,2,높은 위험,미래에셋자산운용,"선취(X),후취(X),환매(X)",http:&#47;&#47;file.fnguide.com&#47;upload1&#47;FnSpectrum&#47;invest&#47;KR5301714584_약.pdf,http:&#47;&#47;file.fnguide.com&#47;upload1&#47;FnSpectrum&#47;invest&#47;KR5301714584_투.pdf,해외주식형,인도주식,99,,HSBC은행,한국펀드파트너스,이 투자신탁은 인도 지역 주식에 주로 투자하는 모투자신탁을 법 시행령 제94조 제2항 제4호에서 규정하는 주된 투자대상자산으로 하여 투자대상자산의 가격 상승에 따른 투자 수익을 추구합니다.,이 투자신탁이 투자하는 미래에셋 인디아 인프라 섹터 증권 모투자신탁(주식)의 투자전략은 다음과 같습니다. 1. 인도의 인프라관련 주식에 60% 이상 투자합니다. 2. 주식은 개별 기업의 가치 및 위험 등에 대한 내재적 가치 분석에 의한 운용 전략과 경제 환경 등에 대한 거시 경제 분석에 의한 운용 전략을 병행하여 적극적으로 운용합니다.,MSCI Customized India Industrials(60%) + Energy(10%) + Materials(10%) + Telecom(10%) + Utilities(10%) Index,인도&#47;인도,상승,좋음,높음,좋음,N,87.64,0.0,0.0,0.0,0.0,12.36,50.48,0.0,0.0,0.0,20.41,29.11
K55301DS3146,미래에셋TIGER필라델피아반도체레버리지증권상장지수투자신탁(주식혼합-파생형)(합성),#해외주식형#ETF(해외주식)#레버리지#레버리지#북미,26382.79,291.54,2266.28,20.45,2022.04.14,26.77,12.45,100.88,62.02,115.56,,,0.67,1,매우 높은 위험,미래에셋자산운용,"선취(X),후취(X),환매(X)",http:&#47;&#47;file.fnguide.com&#47;upload1&#47;FnSpectrum&#47;invest&#47;K55301DS3146_약.pdf,http:&#47;&#47;file.fnguide.com&#47;upload1&#47;FnSpectrum&#47;invest&#47;K55301DS3146_투.pdf,해외주식형,정보기술섹터,859,김지연,한국씨티은행,한국펀드파트너스,"이 투자신탁은 주식관련 파생상품 및 집합투자증권을 법 시행령 제94조제2항제4호에서 규정하는 주된 투자대상자산으로 하며, 미국 주식으로 구성된 PHLX Semiconductor Sector 지수(원화환산)를 기초지수로하여 1좌당 순자산가치의 일간변 동률을 기초지수 일간변동률의 양의 2배수로 연동하여 투자신탁재산을 운용함을 목적으로 합니다.","이 투자신탁은 Nasdaq에서 발표하는 PHLX Semiconductor Sector 지수(원화환산)를 기초지수로 하여 기초지수의 일간 수익률의 양의 2배수 수익률과 연동하는 것을 목적으로 하는 상장지수투자신탁으로서, 기초지수관련 파생상품(스왑) 및 집합투자증권을 주된 투자대상으로 하여 투자신탁의 일간수익률이 기초지수 일간수익률의 양의 2배수 수익률과 연동하도록 운용합니다.",PHLX Semiconductor Sector Leveraged Index(원화환산) * 100%,북미&#47;북미,상승,좋음,높음,좋음,N,0.0,0.0,0.0,0.0,7.19,92.81,76.68,6.02,0.0,0.0,2.54,14.76
K55301DQ3577,미래에셋TIGER미국나스닥100레버리지증권상장지수투자신탁(주식혼합-파생형)(합성),#해외주식형#ETF(해외주식)#레버리지#레버리지#북미,19057.81,127.56,657.49,28.74,2022.02.18,14.35,8.72,46.63,35.38,73.37,,,0.37,1,매우 높은 위험,미래에셋자산운용,"선취(X),후취(X),환매(X)",,http:&#47;&#47;file.fnguide.com&#47;upload1&#47;FnSpectrum&#47;invest&#47;K55301DQ3577_투.pdf,해외주식형,북미주식,345,김지연,한국씨티은행,한국펀드파트너스,"이 투자신탁은 주식관련 파생상품 및 집합투자증권을 법 시행령 제94조제2항제4호에서 규정하는 주된 투자대상자산으로 하며, 미국 주식으로 구성된 &#34;NASDAQ-100 지수(원화환산)&#34;를 기초지수로하여 1좌당 순자산가치의 일간변동률을 기초지 수 일간변동률의 양의 2배수로 연동하여 투자신탁재산을 운용함을 목적으로 합니다.","이 투자신탁은 Nasdaq에서 발표하는 &#34;NASDAQ-100 지수(원화환산)&#34;를 기초지수로 하여 기초지수의 일간수익률의 양(陽) 의 2배수 수익률과 연동하는 것을 목적으로 하는 상장지수투자신탁으로서, 기초지수관련 파생상품(스왑 및 선물) 및 집합 투자증권을 주된 투자대상으로 하여 투자신탁의 일간수익률이 기초지수 일간수익률의 양의 2배수 수익률과 연동하도 록 운용합니다.",NASDAQ-100 Leveraged Index(원화환산) * 100%,북미&#47;북미,하락,좋음,높음,좋음,N,0.0,0.0,0.0,0.0,9.55,90.45,76.75,0.0,0.0,1.75,18.61,2.89
KR5301714576,미래에셋인디아인프라섹터증권모투자신탁(주식),#해외주식형#모펀드#인프라펀드#인도,2775.85,115.74,1162.7,7.88,2007.07.13,10.67,20.02,47.72,37.01,70.98,117.13,154.86,,2,높은 위험,미래에셋자산운용,"선취(X),후취(X),환매(X)",http:&#47;&#47;file.fnguide.com&#47;upload1&#47;FnSpectrum&#47;invest&#47;KR5301714576_미래에셋인디아인프라섹터주식형모_약.doc,http:&#47;&#47;file.fnguide.com&#47;upload1&#47;FnSpectrum&#47;invest&#47;KR5301714576_미래에셋인디아인프라섹터증권모투자신탁(주식)_투.pdf,해외주식형,신흥아시아주식,419,,HSBC은행,한국펀드파트너스,인도의 인프라관련 주식에 주로 투자하여 장기적인 자본이득을추구합니다주로 주식에 투자하는 주식형펀드로서 인디아의 인프라관련 주식에 투자하여 장기적인 자본이득을 추구합니다.,"자산총액의 60% 이상을 인도에 상장된 인프라 관련 주식에 투자합니다. 인프라 관련 주식이라 함은 사회기반시설과 관련된 산업재, 원자재, 에너지, 유틸리티, 통신 등 업종에 속한 주식을 뜻합니다. 벤치마크인 MSCI India Infra Index (Customized)의 수익률을 상회하는 투자 수익을 거두는 것을 목표로 합니다.",MSCI India Infra Index (Customized),인도&#47;인도,상승,좋음,보통,좋음,N,88.87,0.0,0.0,0.0,0.0,11.13,84.75,0.03,0.0,0.0,8.99,6.23
K55301B25311,미래에셋연금인디아인프라증권자투자신탁 1(주식),#해외주식형#인프라펀드#인도,1130.22,46.91,858.49,31.13,2015.05.14,10.61,19.93,47.54,36.88,70.68,116.68,154.21,,2,높은 위험,미래에셋자산운용,"선취(X),후취(X),환매(X)",http:&#47;&#47;file.fnguide.com&#47;upload1&#47;FnSpectrum&#47;invest&#47;K55301B25311_약.pdf,http:&#47;&#47;file.fnguide.com&#47;upload1&#47;FnSpectrum&#47;invest&#47;K55301B25311_투.pdf,해외주식형,인도주식,760,,우리은행,한국펀드파트너스,이 투자신탁은 인도 주식에 주로 투자하는 미래에셋인디아인프라섹터증권모투자신탁(주식)을 법 시행령 제94조제2항제4호에서 규정하는주된 투자대상자산으로 하여 투자대상자산의 가격 상승에 따른 투자 수익을 추구합니다.,① 기본적으로 미래에셋인디아인프라섹터증권모투자신탁(주식)에 90% 이상 투자합니다. ② 모투자신탁에의 투자비중은 시장상황에 따라 전략적으로 결정됩니다.,MSCI Customized India Industrials(60%) + Energy(10%) + Materials(10%)+ Telecom(10%) + Utilities(10%) Index,인도&#47;인도,상승,좋음,높음,좋음,N,88.05,0.0,0.0,0.0,0.0,11.95,50.48,0.0,0.0,0.0,20.41,29.11
KR5301714584,미래에셋인디아인프라섹터증권자투자신탁 1(주식),#해외주식형#인프라펀드#인도,3060.99,127.36,302.03,47.64,2007.07.13,10.65,19.96,47.5,36.87,70.61,116.51,153.83,,2,높은 위험,미래에셋자산운용,"선취(X),후취(X),환매(X)",http:&#47;&#47;file.fnguide.com&#47;upload1&#47;FnSpectrum&#47;invest&#47;KR5301714584_약.pdf,http:&#47;&#47;file.fnguide.com&#47;upload1&#47;FnSpectrum&#47;invest&#47;KR5301714584_투.pdf,해외주식형,인도주식,99,,HSBC은행,한국펀드파트너스,이 투자신탁은 인도 지역 주식에 주로 투자하는 모투자신탁을 법 시행령 제94조 제2항 제4호에서 규정하는 주된 투자대상자산으로 하여 투자대상자산의 가격 상승에 따른 투자 수익을 추구합니다.,이 투자신탁이 투자하는 미래에셋 인디아 인프라 섹터 증권 모투자신탁(주식)의 투자전략은 다음과 같습니다. 1. 인도의 인프라관련 주식에 60% 이상 투자합니다. 2. 주식은 개별 기업의 가치 및 위험 등에 대한 내재적 가치 분석에 의한 운용 전략과 경제 환경 등에 대한 거시 경제 분석에 의한 운용 전략을 병행하여 적극적으로 운용합니다.,MSCI Customized India Industrials(60%) + Energy(10%) + Materials(10%) + Telecom(10%) + Utilities(10%) Index,인도&#47;인도,상승,좋음,높음,좋음,N,87.64,0.0,0.0,0.0,0.0,12.36,50.48,0.0,0.0,0.0,20.41,29.11
K55210DS2478,신한SOL한국형글로벌반도체액티브증권상장지수투자신탁[주식],#해외주식형#ETF(해외주식)#IT펀드#해외지수#글로벌,18833.21,109.17,504.73,41.53,2022.04.08,11.3,9.13,46.49,33.09,58.49,,,0.96,2,높은 위험,신한자산운용,"선취(X),후취(X),환매(X)",http:&#47;&#47;file.fnguide.com&#47;upload1&#47;FnSpectrum&#47;invest&#47;K55210DS2478_약.pdf,http:&#47;&#47;file.fnguide.com&#47;upload1&#47;FnSpectrum&#47;invest&#47;K55210DS2478_투.pdf,해외주식형,정보기술섹터,268,오형석,HSBC은행,신한펀드파트너스,"이 투자신탁은 주식을 법 시행령 제 94조 제 2항 제4호에서 규정하는 주된 투자대상자산으로 하며, S&P Global Semiconductor Korea Tilted Index(PR: Price Return)(원화환산)를 비교지수로 하여 1 좌당 순자 산가치의 변동률이 비교지수의 변동률을 초과하도록 운용함을 목적으로 합니다.","비교지수인 S&P Global Semiconductor Korea Tilted Index(PR: Price Return)(원화환산)와  상관계수 유지를 위하여 비교지수 구성 종목인 국내외 주식을 주요 운용대상으로 하며, 투자목적 달성을 위하여 비교지수 또는 비교지수 이외의 구성종목과 장내외파생상품(스왑 등) 등에도 투자할 수 있습니다.",S&P Global Semiconductor Korea Tilted Index(PR: Price Return),글로벌&#47;글로벌,상승,좋음,높음,좋음,N,71.96,22.76,0.0,0.0,4.99,0.29,76.68,6.02,0.0,0.0,2.54,14.76
KR5210725481,신한인디아증권모투자신탁[주식],#해외주식형#모펀드#인도,2850.62,61.86,290.92,34.48,2007.08.14,4.26,9.83,31.0,24.55,50.26,81.28,126.79,,2,높은 위험,신한자산운용,"선취(X),후취(X),환매(X)",http:&#47;&#47;file.fnguide.com&#47;upload1&#47;FnSpectrum&#47;invest&#47;KR5210725481_신한BNPP봉쥬르인디아주식모_약.pdf,http:&#47;&#47;file.fnguide.com&#47;upload1&#47;FnSpectrum&#47;invest&#47;KR5210756486_신한BNPP봉쥬르인디아증권자투자신탁(H)[주식](종류)_투.pdf,해외주식형,신흥아시아주식,102,park jung ho,HSBC은행,신한펀드파트너스,신탁재산의 대부분을 투자하여 자산의 가치를 증대시키는 것을 주요 목적으로합니다.. 또한 파생상품 등을 활용하여 기준통화인 미국달러화 대비 원화의 환율변동위험에 대해 부분환헤지를 실행합니다.,"미국 달러화로 표시되고 인도 루피화등의 통화로 거래되는 인도 관련 주식등에 투자합니다. 따라서 당해 투자신탁은 환율변동위험에 노출됩니다. 미국 달러 대비 원화의 환율변동위험을 줄이기 위해서, 신한 BNP 파리바 투자신탁운용은 당해 투자신탁이 투자하는 모투자신탁의 기준가격 표시통화인 미국 달러화 대비 원화 환율변동위험에 대해, 거래비용과 유동성을 고려하여 파생상품을 이용한 부분헤지(목표헤지비율 80% 이상)를 실행합니다. 그러나 실제헤지비율은 이와 상이할 수 있습니다.",CNX Nifty,인도&#47;인도,하락,좋음,보통,좋음,N,94.88,0.0,0.0,0.0,0.0,5.12,84.75,0.03,0.0,0.0,8.99,6.23
K55210E09965,신한SOLAI반도체소부장증권상장지수투자신탁[주식],#국내주식형#ETF(국내주식)#MKF펀드#IT,15731.5,-127.48,3807.02,3.64,2023.04.24,-0.48,8.43,20.27,15.74,45.64,,,0.51,2,높은 위험,신한자산운용,"선취(X),후취(X),환매(X)",http:&#47;&#47;file.fnguide.com&#47;upload1&#47;FnSpectrum&#47;invest&#47;K55210E09965_약.pdf,http:&#47;&#47;file.fnguide.com&#47;upload1&#47;FnSpectrum&#47;invest&#47;K55210E09965_투.pdf,국내주식형,인덱스주식기타,2364,최승우,한국씨티은행,신한펀드파트너스,이 투자신탁은 국내주식을 법 시행령 제94조 제2항 제4호에서 규정하는 주된 투자대상자산으로 하며 FnGuide 반도체 소부장 지수를 기초 지수로 하여 1 좌당 순자산가치의 변동률이 기초 지수의 변동률과 유사 하도록 운용함을 목적으로 합니다.,"이 집합투자기구는 FnGuide 에서 산출, 발표 하는 FnGuide 반도체 소부장 지수 (PR: Price Return)를 기초지수로 하는 상장지수투자신탁으로서, 투자목적 달성을 위해서 국내 주식시장에 상장된 주식에 투자신탁 자산총액의 60% 이상을 투자합니다.",FnGuide 반도체 소부장 지수,,하락,좋음,높음,좋음,N,0.0,99.31,0.0,0.0,0.0,0.69,0.02,88.14,0.0,0.56,12.44,0.0
KR5210663476,신한동유럽플러스증권모투자신탁[주식],#해외주식형#모펀드#신흥유럽,947.28,3.56,93.63,34.62,2007.03.14,1.86,8.9,18.63,15.55,41.94,9.33,16.09,,1,매우 높은 위험,신한자산운용,"선취(X),후취(X),환매(X)",http:&#47;&#47;file.fnguide.com&#47;upload1&#47;FnSpectrum&#47;invest&#47;KR5210663476_신한BNP봉쥬르동유럽플러스주식모_약.pdf,http:&#47;&#47;file.fnguide.com&#47;upload1&#47;FnSpectrum&#47;invest&#47;KR5210662866_신한BNPP봉쥬르동유럽플러스증권자투자신탁(H)[주식]_투.pdf,해외주식형,신흥유럽주식,99,park jung ho,HSBC은행,신한펀드파트너스,"중앙유럽, 동유럽, 터키 및 러시아 등 유럽의 신흥 국가의 주식 등에 주로 투자하는 모투자신탁에 신탁재산의 대부분을 투자하여 자산의 가치를 증대시키는 것을 주요 목적으로 하는 자투자신탁입니다.","당해 투자신탁은 신흥유럽관련 주식 등에 투자하기 때문에 환율변동위험에 노출됩니다. 이러한 환율변동위험을 줄이기 위해서, 기준가격 표시통화인 미국 달러화 대비 원화 환율변동위험에 대해, 거래비용과 유동성을 고려하여 파생상품을 이용한 부분헤지(목표헤지비율 80% 이상)를 실행합니다. 그러나 실제헤지비율은 이와 상이할 수 있습니다.",,신흥유럽&#47;신흥유럽,하락,미흡,낮음,좋음,N,93.87,0.0,0.0,0.0,0.0,6.13,88.53,0.0,0.0,0.0,6.39,5.08
KR5210662866,신한동유럽플러스증권자투자신탁(H)[주식](종류),#해외주식형#신흥유럽,671.13,2.44,96.77,23.08,2007.03.14,1.83,8.72,18.28,15.26,40.97,0.11,9.04,,2,높은 위험,신한자산운용,"선취(X),후취(X),환매(X)",http:&#47;&#47;file.fnguide.com&#47;upload1&#47;FnSpectrum&#47;invest&#47;KR5210662866_약.pdf,http:&#47;&#47;file.fnguide.com&#47;upload1&#47;FnSpectrum&#47;invest&#47;KR5210662866_투.pdf,해외주식형,신흥유럽주식,144,park jung ho,HSBC은행,신한펀드파트너스,이 집합투자기구는 유럽 신흥국가의 주식에 주로 투자하는 모투자신탁을 법 시행령 제94조제2항제4호에서 규정하는 주된 투자대상자산으로 하여 수익을 추구하는 것을 목적으로 한다.,"이 투자신탁은 투자신탁재산의 대부분을 중앙유럽, 동유럽, 터키 및 러시아 등 유럽의 신흥 국가의 주식 등에 투자하는 모투자신탁의 수익증권에 투자합니다. 그리고 투자신탁재산의 10% 이하를 단기대출 및 금융기관에의 예치 등의 유동성 자산에 투자할 수 있습니다.",MSCI EM Europe 10&#47;40(USD)*95% + 콜금리*5%,신흥유럽&#47;신흥유럽,하락,미흡,낮음,좋음,N,93.07,0.0,0.0,0.0,0.0,6.93,88.53,0.0,0.0,0.0,6.39,5.08
K55210DS2478,신한SOL한국형글로벌반도체액티브증권상장지수투자신탁[주식],#해외주식형#ETF(해외주식)#IT펀드#해외지수#글로벌,18833.21,109.17,504.73,41.53,2022.04.08,11.3,9.13,46.49,33.09,58.49,,,0.96,2,높은 위험,신한자산운용,"선취(X),후취(X),환매(X)",http:&#47;&#47;file.fnguide.com&#47;upload1&#47;FnSpectrum&#47;invest&#47;K55210DS2478_약.pdf,http:&#47;&#47;file.fnguide.com&#47;upload1&#47;FnSpectrum&#47;invest&#47;K55210DS2478_투.pdf,해외주식형,정보기술섹터,268,오형석,HSBC은행,신한펀드파트너스,"이 투자신탁은 주식을 법 시행령 제 94조 제 2항 제4호에서 규정하는 주된 투자대상자산으로 하며, S&P Global Semiconductor Korea Tilted Index(PR: Price Return)(원화환산)를 비교지수로 하여 1 좌당 순자 산가치의 변동률이 비교지수의 변동률을 초과하도록 운용함을 목적으로 합니다.","비교지수인 S&P Global Semiconductor Korea Tilted Index(PR: Price Return)(원화환산)와  상관계수 유지를 위하여 비교지수 구성 종목인 국내외 주식을 주요 운용대상으로 하며, 투자목적 달성을 위하여 비교지수 또는 비교지수 이외의 구성종목과 장내외파생상품(스왑 등) 등에도 투자할 수 있습니다.",S&P Global Semiconductor Korea Tilted Index(PR: Price Return),글로벌&#47;글로벌,상승,좋음,높음,좋음,N,71.96,22.76,0.0,0.0,4.99,0.29,76.68,6.02,0.0,0.0,2.54,14.76
KR5210725481,신한인디아증권모투자신탁[주식],#해외주식형#모펀드#인도,2850.62,61.86,290.92,34.48,2007.08.14,4.26,9.83,31.0,24.55,50.26,81.28,126.79,,2,높은 위험,신한자산운용,"선취(X),후취(X),환매(X)",http:&#47;&#47;file.fnguide.com&#47;upload1&#47;FnSpectrum&#47;invest&#47;KR5210725481_신한BNPP봉쥬르인디아주식모_약.pdf,http:&#47;&#47;file.fnguide.com&#47;upload1&#47;FnSpectrum&#47;invest&#47;KR5210756486_신한BNPP봉쥬르인디아증권자투자신탁(H)[주식](종류)_투.pdf,해외주식형,신흥아시아주식,102,park jung ho,HSBC은행,신한펀드파트너스,신탁재산의 대부분을 투자하여 자산의 가치를 증대시키는 것을 주요 목적으로합니다.. 또한 파생상품 등을 활용하여 기준통화인 미국달러화 대비 원화의 환율변동위험에 대해 부분환헤지를 실행합니다.,"미국 달러화로 표시되고 인도 루피화등의 통화로 거래되는 인도 관련 주식등에 투자합니다. 따라서 당해 투자신탁은 환율변동위험에 노출됩니다. 미국 달러 대비 원화의 환율변동위험을 줄이기 위해서, 신한 BNP 파리바 투자신탁운용은 당해 투자신탁이 투자하는 모투자신탁의 기준가격 표시통화인 미국 달러화 대비 원화 환율변동위험에 대해, 거래비용과 유동성을 고려하여 파생상품을 이용한 부분헤지(목표헤지비율 80% 이상)를 실행합니다. 그러나 실제헤지비율은 이와 상이할 수 있습니다.",CNX Nifty,인도&#47;인도,하락,좋음,보통,좋음,N,94.88,0.0,0.0,0.0,0.0,5.12,84.75,0.03,0.0,0.0,8.99,6.23
K55210E09965,신한SOLAI반도체소부장증권상장지수투자신탁[주식],#국내주식형#ETF(국내주식)#MKF펀드#IT,15731.5,-127.48,3807.02,3.64,2023.04.24,-0.48,8.43,20.27,15.74,45.64,,,0.51,2,높은 위험,신한자산운용,"선취(X),후취(X),환매(X)",http:&#47;&#47;file.fnguide.com&#47;upload1&#47;FnSpectrum&#47;invest&#47;K55210E09965_약.pdf,http:&#47;&#47;file.fnguide.com&#47;upload1&#47;FnSpectrum&#47;invest&#47;K55210E09965_투.pdf,국내주식형,인덱스주식기타,2364,최승우,한국씨티은행,신한펀드파트너스,이 투자신탁은 국내주식을 법 시행령 제94조 제2항 제4호에서 규정하는 주된 투자대상자산으로 하며 FnGuide 반도체 소부장 지수를 기초 지수로 하여 1 좌당 순자산가치의 변동률이 기초 지수의 변동률과 유사 하도록 운용함을 목적으로 합니다.,"이 집합투자기구는 FnGuide 에서 산출, 발표 하는 FnGuide 반도체 소부장 지수 (PR: Price Return)를 기초지수로 하는 상장지수투자신탁으로서, 투자목적 달성을 위해서 국내 주식시장에 상장된 주식에 투자신탁 자산총액의 60% 이상을 투자합니다.",FnGuide 반도체 소부장 지수,,하락,좋음,높음,좋음,N,0.0,99.31,0.0,0.0,0.0,0.69,0.02,88.14,0.0,0.56,12.44,0.0
KR5210663476,신한동유럽플러스증권모투자신탁[주식],#해외주식형#모펀드#신흥유럽,947.28,3.56,93.63,34.62,2007.03.14,1.86,8.9,18.63,15.55,41.94,9.33,16.09,,1,매우 높은 위험,신한자산운용,"선취(X),후취(X),환매(X)",http:&#47;&#47;file.fnguide.com&#47;upload1&#47;FnSpectrum&#47;invest&#47;KR5210663476_신한BNP봉쥬르동유럽플러스주식모_약.pdf,http:&#47;&#47;file.fnguide.com&#47;upload1&#47;FnSpectrum&#47;invest&#47;KR5210662866_신한BNPP봉쥬르동유럽플러스증권자투자신탁(H)[주식]_투.pdf,해외주식형,신흥유럽주식,99,park jung ho,HSBC은행,신한펀드파트너스,"중앙유럽, 동유럽, 터키 및 러시아 등 유럽의 신흥 국가의 주식 등에 주로 투자하는 모투자신탁에 신탁재산의 대부분을 투자하여 자산의 가치를 증대시키는 것을 주요 목적으로 하는 자투자신탁입니다.","당해 투자신탁은 신흥유럽관련 주식 등에 투자하기 때문에 환율변동위험에 노출됩니다. 이러한 환율변동위험을 줄이기 위해서, 기준가격 표시통화인 미국 달러화 대비 원화 환율변동위험에 대해, 거래비용과 유동성을 고려하여 파생상품을 이용한 부분헤지(목표헤지비율 80% 이상)를 실행합니다. 그러나 실제헤지비율은 이와 상이할 수 있습니다.",,신흥유럽&#47;신흥유럽,하락,미흡,낮음,좋음,N,93.87,0.0,0.0,0.0,0.0,6.13,88.53,0.0,0.0,0.0,6.39,5.08
KR5210662866,신한동유럽플러스증권자투자신탁(H)[주식](종류),#해외주식형#신흥유럽,671.13,2.44,96.77,23.08,2007.03.14,1.83,8.72,18.28,15.26,40.97,0.11,9.04,,2,높은 위험,신한자산운용,"선취(X),후취(X),환매(X)",http:&#47;&#47;file.fnguide.com&#47;upload1&#47;FnSpectrum&#47;invest&#47;KR5210662866_약.pdf,http:&#47;&#47;file.fnguide.com&#47;upload1&#47;FnSpectrum&#47;invest&#47;KR5210662866_투.pdf,해외주식형,신흥유럽주식,144,park jung ho,HSBC은행,신한펀드파트너스,이 집합투자기구는 유럽 신흥국가의 주식에 주로 투자하는 모투자신탁을 법 시행령 제94조제2항제4호에서 규정하는 주된 투자대상자산으로 하여 수익을 추구하는 것을 목적으로 한다.,"이 투자신탁은 투자신탁재산의 대부분을 중앙유럽, 동유럽, 터키 및 러시아 등 유럽의 신흥 국가의 주식 등에 투자하는 모투자신탁의 수익증권에 투자합니다. 그리고 투자신탁재산의 10% 이하를 단기대출 및 금융기관에의 예치 등의 유동성 자산에 투자할 수 있습니다.",MSCI EM Europe 10&#47;40(USD)*95% + 콜금리*5%,신흥유럽&#47;신흥유럽,하락,미흡,낮음,좋음,N,93.07,0.0,0.0,0.0,0.0,6.93,88.53,0.0,0.0,0.0,6.39,5.08
K55210DS2478,신한SOL한국형글로벌반도체액티브증권상장지수투자신탁[주식],#해외주식형#ETF(해외주식)#IT펀드#해외지수#글로벌,18833.21,109.17,504.73,41.53,2022.04.08,11.3,9.13,46.49,33.09,58.49,,,0.96,2,높은 위험,신한자산운용,"선취(X),후취(X),환매(X)",http:&#47;&#47;file.fnguide.com&#47;upload1&#47;FnSpectrum&#47;invest&#47;K55210DS2478_약.pdf,http:&#47;&#47;file.fnguide.com&#47;upload1&#47;FnSpectrum&#47;invest&#47;K55210DS2478_투.pdf,해외주식형,정보기술섹터,268,오형석,HSBC은행,신한펀드파트너스,"이 투자신탁은 주식을 법 시행령 제 94조 제 2항 제4호에서 규정하는 주된 투자대상자산으로 하며, S&P Global Semiconductor Korea Tilted Index(PR: Price Return)(원화환산)를 비교지수로 하여 1 좌당 순자 산가치의 변동률이 비교지수의 변동률을 초과하도록 운용함을 목적으로 합니다.","비교지수인 S&P Global Semiconductor Korea Tilted Index(PR: Price Return)(원화환산)와  상관계수 유지를 위하여 비교지수 구성 종목인 국내외 주식을 주요 운용대상으로 하며, 투자목적 달성을 위하여 비교지수 또는 비교지수 이외의 구성종목과 장내외파생상품(스왑 등) 등에도 투자할 수 있습니다.",S&P Global Semiconductor Korea Tilted Index(PR: Price Return),글로벌&#47;글로벌,상승,좋음,높음,좋음,N,71.96,22.76,0.0,0.0,4.99,0.29,76.68,6.02,0.0,0.0,2.54,14.76
KR5210725481,신한인디아증권모투자신탁[주식],#해외주식형#모펀드#인도,2850.62,61.86,290.92,34.48,2007.08.14,4.26,9.83,31.0,24.55,50.26,81.28,126.79,,2,높은 위험,신한자산운용,"선취(X),후취(X),환매(X)",http:&#47;&#47;file.fnguide.com&#47;upload1&#47;FnSpectrum&#47;invest&#47;KR5210725481_신한BNPP봉쥬르인디아주식모_약.pdf,http:&#47;&#47;file.fnguide.com&#47;upload1&#47;FnSpectrum&#47;invest&#47;KR5210756486_신한BNPP봉쥬르인디아증권자투자신탁(H)[주식](종류)_투.pdf,해외주식형,신흥아시아주식,102,park jung ho,HSBC은행,신한펀드파트너스,신탁재산의 대부분을 투자하여 자산의 가치를 증대시키는 것을 주요 목적으로합니다.. 또한 파생상품 등을 활용하여 기준통화인 미국달러화 대비 원화의 환율변동위험에 대해 부분환헤지를 실행합니다.,"미국 달러화로 표시되고 인도 루피화등의 통화로 거래되는 인도 관련 주식등에 투자합니다. 따라서 당해 투자신탁은 환율변동위험에 노출됩니다. 미국 달러 대비 원화의 환율변동위험을 줄이기 위해서, 신한 BNP 파리바 투자신탁운용은 당해 투자신탁이 투자하는 모투자신탁의 기준가격 표시통화인 미국 달러화 대비 원화 환율변동위험에 대해, 거래비용과 유동성을 고려하여 파생상품을 이용한 부분헤지(목표헤지비율 80% 이상)를 실행합니다. 그러나 실제헤지비율은 이와 상이할 수 있습니다.",CNX Nifty,인도&#47;인도,하락,좋음,보통,좋음,N,94.88,0.0,0.0,0.0,0.0,5.12,84.75,0.03,0.0,0.0,8.99,6.23
K55210E09965,신한SOLAI반도체소부장증권상장지수투자신탁[주식],#국내주식형#ETF(국내주식)#MKF펀드#IT,15731.5,-127.48,3807.02,3.64,2023.04.24,-0.48,8.43,20.27,15.74,45.64,,,0.51,2,높은 위험,신한자산운용,"선취(X),후취(X),환매(X)",http:&#47;&#47;file.fnguide.com&#47;upload1&#47;FnSpectrum&#47;invest&#47;K55210E09965_약.pdf,http:&#47;&#47;file.fnguide.com&#47;upload1&#47;FnSpectrum&#47;invest&#47;K55210E09965_투.pdf,국내주식형,인덱스주식기타,2364,최승우,한국씨티은행,신한펀드파트너스,이 투자신탁은 국내주식을 법 시행령 제94조 제2항 제4호에서 규정하는 주된 투자대상자산으로 하며 FnGuide 반도체 소부장 지수를 기초 지수로 하여 1 좌당 순자산가치의 변동률이 기초 지수의 변동률과 유사 하도록 운용함을 목적으로 합니다.,"이 집합투자기구는 FnGuide 에서 산출, 발표 하는 FnGuide 반도체 소부장 지수 (PR: Price Return)를 기초지수로 하는 상장지수투자신탁으로서, 투자목적 달성을 위해서 국내 주식시장에 상장된 주식에 투자신탁 자산총액의 60% 이상을 투자합니다.",FnGuide 반도체 소부장 지수,,하락,좋음,높음,좋음,N,0.0,99.31,0.0,0.0,0.0,0.69,0.02,88.14,0.0,0.56,12.44,0.0
KR5210663476,신한동유럽플러스증권모투자신탁[주식],#해외주식형#모펀드#신흥유럽,947.28,3.56,93.63,34.62,2007.03.14,1.86,8.9,18.63,15.55,41.94,9.33,16.09,,1,매우 높은 위험,신한자산운용,"선취(X),후취(X),환매(X)",http:&#47;&#47;file.fnguide.com&#47;upload1&#47;FnSpectrum&#47;invest&#47;KR5210663476_신한BNP봉쥬르동유럽플러스주식모_약.pdf,http:&#47;&#47;file.fnguide.com&#47;upload1&#47;FnSpectrum&#47;invest&#47;KR5210662866_신한BNPP봉쥬르동유럽플러스증권자투자신탁(H)[주식]_투.pdf,해외주식형,신흥유럽주식,99,park jung ho,HSBC은행,신한펀드파트너스,"중앙유럽, 동유럽, 터키 및 러시아 등 유럽의 신흥 국가의 주식 등에 주로 투자하는 모투자신탁에 신탁재산의 대부분을 투자하여 자산의 가치를 증대시키는 것을 주요 목적으로 하는 자투자신탁입니다.","당해 투자신탁은 신흥유럽관련 주식 등에 투자하기 때문에 환율변동위험에 노출됩니다. 이러한 환율변동위험을 줄이기 위해서, 기준가격 표시통화인 미국 달러화 대비 원화 환율변동위험에 대해, 거래비용과 유동성을 고려하여 파생상품을 이용한 부분헤지(목표헤지비율 80% 이상)를 실행합니다. 그러나 실제헤지비율은 이와 상이할 수 있습니다.",,신흥유럽&#47;신흥유럽,하락,미흡,낮음,좋음,N,93.87,0.0,0.0,0.0,0.0,6.13,88.53,0.0,0.0,0.0,6.39,5.08
KR5210662866,신한동유럽플러스증권자투자신탁(H)[주식](종류),#해외주식형#신흥유럽,671.13,2.44,96.77,23.08,2007.03.14,1.83,8.72,18.28,15.26,40.97,0.11,9.04,,2,높은 위험,신한자산운용,"선취(X),후취(X),환매(X)",http:&#47;&#47;file.fnguide.com&#47;upload1&#47;FnSpectrum&#47;invest&#47;KR5210662866_약.pdf,http:&#47;&#47;file.fnguide.com&#47;upload1&#47;FnSpectrum&#47;invest&#47;KR5210662866_투.pdf,해외주식형,신흥유럽주식,144,park jung ho,HSBC은행,신한펀드파트너스,이 집합투자기구는 유럽 신흥국가의 주식에 주로 투자하는 모투자신탁을 법 시행령 제94조제2항제4호에서 규정하는 주된 투자대상자산으로 하여 수익을 추구하는 것을 목적으로 한다.,"이 투자신탁은 투자신탁재산의 대부분을 중앙유럽, 동유럽, 터키 및 러시아 등 유럽의 신흥 국가의 주식 등에 투자하는 모투자신탁의 수익증권에 투자합니다. 그리고 투자신탁재산의 10% 이하를 단기대출 및 금융기관에의 예치 등의 유동성 자산에 투자할 수 있습니다.",MSCI EM Europe 10&#47;40(USD)*95% + 콜금리*5%,신흥유럽&#47;신흥유럽,하락,미흡,낮음,좋음,N,93.07,0.0,0.0,0.0,0.0,6.93,88.53,0.0,0.0,0.0,6.39,5.08
K55210DS2478,신한SOL한국형글로벌반도체액티브증권상장지수투자신탁[주식],#해외주식형#ETF(해외주식)#IT펀드#해외지수#글로벌,18833.21,109.17,504.73,41.53,2022.04.08,11.3,9.13,46.49,33.09,58.49,,,0.96,2,높은 위험,신한자산운용,"선취(X),후취(X),환매(X)",http:&#47;&#47;file.fnguide.com&#47;upload1&#47;FnSpectrum&#47;invest&#47;K55210DS2478_약.pdf,http:&#47;&#47;file.fnguide.com&#47;upload1&#47;FnSpectrum&#47;invest&#47;K55210DS2478_투.pdf,해외주식형,정보기술섹터,268,오형석,HSBC은행,신한펀드파트너스,"이 투자신탁은 주식을 법 시행령 제 94조 제 2항 제4호에서 규정하는 주된 투자대상자산으로 하며, S&P Global Semiconductor Korea Tilted Index(PR: Price Return)(원화환산)를 비교지수로 하여 1 좌당 순자 산가치의 변동률이 비교지수의 변동률을 초과하도록 운용함을 목적으로 합니다.","비교지수인 S&P Global Semiconductor Korea Tilted Index(PR: Price Return)(원화환산)와  상관계수 유지를 위하여 비교지수 구성 종목인 국내외 주식을 주요 운용대상으로 하며, 투자목적 달성을 위하여 비교지수 또는 비교지수 이외의 구성종목과 장내외파생상품(스왑 등) 등에도 투자할 수 있습니다.",S&P Global Semiconductor Korea Tilted Index(PR: Price Return),글로벌&#47;글로벌,상승,좋음,높음,좋음,N,71.96,22.76,0.0,0.0,4.99,0.29,76.68,6.02,0.0,0.0,2.54,14.76
KR5210725481,신한인디아증권모투자신탁[주식],#해외주식형#모펀드#인도,2850.62,61.86,290.92,34.48,2007.08.14,4.26,9.83,31.0,24.55,50.26,81.28,126.79,,2,높은 위험,신한자산운용,"선취(X),후취(X),환매(X)",http:&#47;&#47;file.fnguide.com&#47;upload1&#47;FnSpectrum&#47;invest&#47;KR5210725481_신한BNPP봉쥬르인디아주식모_약.pdf,http:&#47;&#47;file.fnguide.com&#47;upload1&#47;FnSpectrum&#47;invest&#47;KR5210756486_신한BNPP봉쥬르인디아증권자투자신탁(H)[주식](종류)_투.pdf,해외주식형,신흥아시아주식,102,park jung ho,HSBC은행,신한펀드파트너스,신탁재산의 대부분을 투자하여 자산의 가치를 증대시키는 것을 주요 목적으로합니다.. 또한 파생상품 등을 활용하여 기준통화인 미국달러화 대비 원화의 환율변동위험에 대해 부분환헤지를 실행합니다.,"미국 달러화로 표시되고 인도 루피화등의 통화로 거래되는 인도 관련 주식등에 투자합니다. 따라서 당해 투자신탁은 환율변동위험에 노출됩니다. 미국 달러 대비 원화의 환율변동위험을 줄이기 위해서, 신한 BNP 파리바 투자신탁운용은 당해 투자신탁이 투자하는 모투자신탁의 기준가격 표시통화인 미국 달러화 대비 원화 환율변동위험에 대해, 거래비용과 유동성을 고려하여 파생상품을 이용한 부분헤지(목표헤지비율 80% 이상)를 실행합니다. 그러나 실제헤지비율은 이와 상이할 수 있습니다.",CNX Nifty,인도&#47;인도,하락,좋음,보통,좋음,N,94.88,0.0,0.0,0.0,0.0,5.12,84.75,0.03,0.0,0.0,8.99,6.23
K55210E09965,신한SOLAI반도체소부장증권상장지수투자신탁[주식],#국내주식형#ETF(국내주식)#MKF펀드#IT,15731.5,-127.48,3807.02,3.64,2023.04.24,-0.48,8.43,20.27,15.74,45.64,,,0.51,2,높은 위험,신한자산운용,"선취(X),후취(X),환매(X)",http:&#47;&#47;file.fnguide.com&#47;upload1&#47;FnSpectrum&#47;invest&#47;K55210E09965_약.pdf,http:&#47;&#47;file.fnguide.com&#47;upload1&#47;FnSpectrum&#47;invest&#47;K55210E09965_투.pdf,국내주식형,인덱스주식기타,2364,최승우,한국씨티은행,신한펀드파트너스,이 투자신탁은 국내주식을 법 시행령 제94조 제2항 제4호에서 규정하는 주된 투자대상자산으로 하며 FnGuide 반도체 소부장 지수를 기초 지수로 하여 1 좌당 순자산가치의 변동률이 기초 지수의 변동률과 유사 하도록 운용함을 목적으로 합니다.,"이 집합투자기구는 FnGuide 에서 산출, 발표 하는 FnGuide 반도체 소부장 지수 (PR: Price Return)를 기초지수로 하는 상장지수투자신탁으로서, 투자목적 달성을 위해서 국내 주식시장에 상장된 주식에 투자신탁 자산총액의 60% 이상을 투자합니다.",FnGuide 반도체 소부장 지수,,하락,좋음,높음,좋음,N,0.0,99.31,0.0,0.0,0.0,0.69,0.02,88.14,0.0,0.56,12.44,0.0
KR5210663476,신한동유럽플러스증권모투자신탁[주식],#해외주식형#모펀드#신흥유럽,947.28,3.56,93.63,34.62,2007.03.14,1.86,8.9,18.63,15.55,41.94,9.33,16.09,,1,매우 높은 위험,신한자산운용,"선취(X),후취(X),환매(X)",http:&#47;&#47;file.fnguide.com&#47;upload1&#47;FnSpectrum&#47;invest&#47;KR5210663476_신한BNP봉쥬르동유럽플러스주식모_약.pdf,http:&#47;&#47;file.fnguide.com&#47;upload1&#47;FnSpectrum&#47;invest&#47;KR5210662866_신한BNPP봉쥬르동유럽플러스증권자투자신탁(H)[주식]_투.pdf,해외주식형,신흥유럽주식,99,park jung ho,HSBC은행,신한펀드파트너스,"중앙유럽, 동유럽, 터키 및 러시아 등 유럽의 신흥 국가의 주식 등에 주로 투자하는 모투자신탁에 신탁재산의 대부분을 투자하여 자산의 가치를 증대시키는 것을 주요 목적으로 하는 자투자신탁입니다.","당해 투자신탁은 신흥유럽관련 주식 등에 투자하기 때문에 환율변동위험에 노출됩니다. 이러한 환율변동위험을 줄이기 위해서, 기준가격 표시통화인 미국 달러화 대비 원화 환율변동위험에 대해, 거래비용과 유동성을 고려하여 파생상품을 이용한 부분헤지(목표헤지비율 80% 이상)를 실행합니다. 그러나 실제헤지비율은 이와 상이할 수 있습니다.",,신흥유럽&#47;신흥유럽,하락,미흡,낮음,좋음,N,93.87,0.0,0.0,0.0,0.0,6.13,88.53,0.0,0.0,0.0,6.39,5.08
KR5210662866,신한동유럽플러스증권자투자신탁(H)[주식](종류),#해외주식형#신흥유럽,671.13,2.44,96.77,23.08,2007.03.14,1.83,8.72,18.28,15.26,40.97,0.11,9.04,,2,높은 위험,신한자산운용,"선취(X),후취(X),환매(X)",http:&#47;&#47;file.fnguide.com&#47;upload1&#47;FnSpectrum&#47;invest&#47;KR5210662866_약.pdf,http:&#47;&#47;file.fnguide.com&#47;upload1&#47;FnSpectrum&#47;invest&#47;KR5210662866_투.pdf,해외주식형,신흥유럽주식,144,park jung ho,HSBC은행,신한펀드파트너스,이 집합투자기구는 유럽 신흥국가의 주식에 주로 투자하는 모투자신탁을 법 시행령 제94조제2항제4호에서 규정하는 주된 투자대상자산으로 하여 수익을 추구하는 것을 목적으로 한다.,"이 투자신탁은 투자신탁재산의 대부분을 중앙유럽, 동유럽, 터키 및 러시아 등 유럽의 신흥 국가의 주식 등에 투자하는 모투자신탁의 수익증권에 투자합니다. 그리고 투자신탁재산의 10% 이하를 단기대출 및 금융기관에의 예치 등의 유동성 자산에 투자할 수 있습니다.",MSCI EM Europe 10&#47;40(USD)*95% + 콜금리*5%,신흥유럽&#47;신흥유럽,하락,미흡,낮음,좋음,N,93.07,0.0,0.0,0.0,0.0,6.93,88.53,0.0,0.0,0.0,6.39,5.08
K55210DS2478,신한SOL한국형글로벌반도체액티브증권상장지수투자신탁[주식],#해외주식형#ETF(해외주식)#IT펀드#해외지수#글로벌,18833.21,109.17,504.73,41.53,2022.04.08,11.3,9.13,46.49,33.09,58.49,,,0.96,2,높은 위험,신한자산운용,"선취(X),후취(X),환매(X)",http:&#47;&#47;file.fnguide.com&#47;upload1&#47;FnSpectrum&#47;invest&#47;K55210DS2478_약.pdf,http:&#47;&#47;file.fnguide.com&#47;upload1&#47;FnSpectrum&#47;invest&#47;K55210DS2478_투.pdf,해외주식형,정보기술섹터,268,오형석,HSBC은행,신한펀드파트너스,"이 투자신탁은 주식을 법 시행령 제 94조 제 2항 제4호에서 규정하는 주된 투자대상자산으로 하며, S&P Global Semiconductor Korea Tilted Index(PR: Price Return)(원화환산)를 비교지수로 하여 1 좌당 순자 산가치의 변동률이 비교지수의 변동률을 초과하도록 운용함을 목적으로 합니다.","비교지수인 S&P Global Semiconductor Korea Tilted Index(PR: Price Return)(원화환산)와  상관계수 유지를 위하여 비교지수 구성 종목인 국내외 주식을 주요 운용대상으로 하며, 투자목적 달성을 위하여 비교지수 또는 비교지수 이외의 구성종목과 장내외파생상품(스왑 등) 등에도 투자할 수 있습니다.",S&P Global Semiconductor Korea Tilted Index(PR: Price Return),글로벌&#47;글로벌,상승,좋음,높음,좋음,N,71.96,22.76,0.0,0.0,4.99,0.29,76.68,6.02,0.0,0.0,2.54,14.76
KR5210725481,신한인디아증권모투자신탁[주식],#해외주식형#모펀드#인도,2850.62,61.86,290.92,34.48,2007.08.14,4.26,9.83,31.0,24.55,50.26,81.28,126.79,,2,높은 위험,신한자산운용,"선취(X),후취(X),환매(X)",http:&#47;&#47;file.fnguide.com&#47;upload1&#47;FnSpectrum&#47;invest&#47;KR5210725481_신한BNPP봉쥬르인디아주식모_약.pdf,http:&#47;&#47;file.fnguide.com&#47;upload1&#47;FnSpectrum&#47;invest&#47;KR5210756486_신한BNPP봉쥬르인디아증권자투자신탁(H)[주식](종류)_투.pdf,해외주식형,신흥아시아주식,102,park jung ho,HSBC은행,신한펀드파트너스,신탁재산의 대부분을 투자하여 자산의 가치를 증대시키는 것을 주요 목적으로합니다.. 또한 파생상품 등을 활용하여 기준통화인 미국달러화 대비 원화의 환율변동위험에 대해 부분환헤지를 실행합니다.,"미국 달러화로 표시되고 인도 루피화등의 통화로 거래되는 인도 관련 주식등에 투자합니다. 따라서 당해 투자신탁은 환율변동위험에 노출됩니다. 미국 달러 대비 원화의 환율변동위험을 줄이기 위해서, 신한 BNP 파리바 투자신탁운용은 당해 투자신탁이 투자하는 모투자신탁의 기준가격 표시통화인 미국 달러화 대비 원화 환율변동위험에 대해, 거래비용과 유동성을 고려하여 파생상품을 이용한 부분헤지(목표헤지비율 80% 이상)를 실행합니다. 그러나 실제헤지비율은 이와 상이할 수 있습니다.",CNX Nifty,인도&#47;인도,하락,좋음,보통,좋음,N,94.88,0.0,0.0,0.0,0.0,5.12,84.75,0.03,0.0,0.0,8.99,6.23
K55210E09965,신한SOLAI반도체소부장증권상장지수투자신탁[주식],#국내주식형#ETF(국내주식)#MKF펀드#IT,15731.5,-127.48,3807.02,3.64,2023.04.24,-0.48,8.43,20.27,15.74,45.64,,,0.51,2,높은 위험,신한자산운용,"선취(X),후취(X),환매(X)",http:&#47;&#47;file.fnguide.com&#47;upload1&#47;FnSpectrum&#47;invest&#47;K55210E09965_약.pdf,http:&#47;&#47;file.fnguide.com&#47;upload1&#47;FnSpectrum&#47;invest&#47;K55210E09965_투.pdf,국내주식형,인덱스주식기타,2364,최승우,한국씨티은행,신한펀드파트너스,이 투자신탁은 국내주식을 법 시행령 제94조 제2항 제4호에서 규정하는 주된 투자대상자산으로 하며 FnGuide 반도체 소부장 지수를 기초 지수로 하여 1 좌당 순자산가치의 변동률이 기초 지수의 변동률과 유사 하도록 운용함을 목적으로 합니다.,"이 집합투자기구는 FnGuide 에서 산출, 발표 하는 FnGuide 반도체 소부장 지수 (PR: Price Return)를 기초지수로 하는 상장지수투자신탁으로서, 투자목적 달성을 위해서 국내 주식시장에 상장된 주식에 투자신탁 자산총액의 60% 이상을 투자합니다.",FnGuide 반도체 소부장 지수,,하락,좋음,높음,좋음,N,0.0,99.31,0.0,0.0,0.0,0.69,0.02,88.14,0.0,0.56,12.44,0.0
KR5210663476,신한동유럽플러스증권모투자신탁[주식],#해외주식형#모펀드#신흥유럽,947.28,3.56,93.63,34.62,2007.03.14,1.86,8.9,18.63,15.55,41.94,9.33,16.09,,1,매우 높은 위험,신한자산운용,"선취(X),후취(X),환매(X)",http:&#47;&#47;file.fnguide.com&#47;upload1&#47;FnSpectrum&#47;invest&#47;KR5210663476_신한BNP봉쥬르동유럽플러스주식모_약.pdf,http:&#47;&#47;file.fnguide.com&#47;upload1&#47;FnSpectrum&#47;invest&#47;KR5210662866_신한BNPP봉쥬르동유럽플러스증권자투자신탁(H)[주식]_투.pdf,해외주식형,신흥유럽주식,99,park jung ho,HSBC은행,신한펀드파트너스,"중앙유럽, 동유럽, 터키 및 러시아 등 유럽의 신흥 국가의 주식 등에 주로 투자하는 모투자신탁에 신탁재산의 대부분을 투자하여 자산의 가치를 증대시키는 것을 주요 목적으로 하는 자투자신탁입니다.","당해 투자신탁은 신흥유럽관련 주식 등에 투자하기 때문에 환율변동위험에 노출됩니다. 이러한 환율변동위험을 줄이기 위해서, 기준가격 표시통화인 미국 달러화 대비 원화 환율변동위험에 대해, 거래비용과 유동성을 고려하여 파생상품을 이용한 부분헤지(목표헤지비율 80% 이상)를 실행합니다. 그러나 실제헤지비율은 이와 상이할 수 있습니다.",,신흥유럽&#47;신흥유럽,하락,미흡,낮음,좋음,N,93.87,0.0,0.0,0.0,0.0,6.13,88.53,0.0,0.0,0.0,6.39,5.08
KR5210662866,신한동유럽플러스증권자투자신탁(H)[주식](종류),#해외주식형#신흥유럽,671.13,2.44,96.77,23.08,2007.03.14,1.83,8.72,18.28,15.26,40.97,0.11,9.04,,2,높은 위험,신한자산운용,"선취(X),후취(X),환매(X)",http:&#47;&#47;file.fnguide.com&#47;upload1&#47;FnSpectrum&#47;invest&#47;KR5210662866_약.pdf,http:&#47;&#47;file.fnguide.com&#47;upload1&#47;FnSpectrum&#47;invest&#47;KR5210662866_투.pdf,해외주식형,신흥유럽주식,144,park jung ho,HSBC은행,신한펀드파트너스,이 집합투자기구는 유럽 신흥국가의 주식에 주로 투자하는 모투자신탁을 법 시행령 제94조제2항제4호에서 규정하는 주된 투자대상자산으로 하여 수익을 추구하는 것을 목적으로 한다.,"이 투자신탁은 투자신탁재산의 대부분을 중앙유럽, 동유럽, 터키 및 러시아 등 유럽의 신흥 국가의 주식 등에 투자하는 모투자신탁의 수익증권에 투자합니다. 그리고 투자신탁재산의 10% 이하를 단기대출 및 금융기관에의 예치 등의 유동성 자산에 투자할 수 있습니다.",MSCI EM Europe 10&#47;40(USD)*95% + 콜금리*5%,신흥유럽&#47;신흥유럽,하락,미흡,낮음,좋음,N,93.07,0.0,0.0,0.0,0.0,6.93,88.53,0.0,0.0,0.0,6.39,5.08
K55105DJ0265,삼성KODEX미국반도체MV증권상장지수투자신탁[주식],#해외주식형#ETF(해외주식)#해외지수#북미,22962.95,294.45,4121.85,4.3,2021.06.28,15.85,14.01,60.06,47.54,75.95,,,0.18,2,높은 위험,삼성자산운용,"선취(X),후취(X),환매(X)",http:&#47;&#47;file.fnguide.com&#47;upload1&#47;FnSpectrum&#47;invest&#47;K55105DJ0265_약.pdf,http:&#47;&#47;file.fnguide.com&#47;upload1&#47;FnSpectrum&#47;invest&#47;K55105DJ0265_투.pdf,해외주식형,북미주식,1795,한동훈,한국씨티은행,예탁결제원,"이 투자신탁은 미국거래소에 상장된 주식을 주된 투자대상으로 신탁재산의 60% 이상을 투자하며, 미국거래소에 상장된 반도체 기업을 대상으로, MV Index Solutions가 산출 및 발표하는 MVIS US Listed Semiconductor25 Index(KRW)를 기초지수로 하여 1좌당 순자산가치의 변동률을 기초지수의 변동률과 유사하도록 투자신탁재산을 운용할 계획입니다.","이 투자신탁은 미국거래소에 상장된 반도체 기업을 대상으로, MV Index Solutions가 산출 및 발표하는 MVIS US Listed Semiconductor 25 Index(KRW)를 기초지수로 하여 1좌당 순자산가치의 변동률을 기초지수의 변동률과 유사하도록 투자신탁재산을 운용할",MVIS US Listed Semiconductor 25 Index(KRW),북미&#47;북미,상승,좋음,높음,좋음,N,97.46,0.0,0.0,0.0,2.77,0.0,76.75,0.0,0.0,1.75,18.61,2.89
K55105B33419,삼성인도중소형FOCUS증권모투자신탁[주식],#해외주식형#모펀드,4215.64,139.72,1861.38,4.43,2015.11.16,6.95,13.4,36.48,30.97,73.26,146.25,227.09,,2,높은 위험,삼성자산운용,"선취(X),후취(X),환매(X)",,,해외주식형,신흥아시아주식,442,장현준,,,,,,,하락,좋음,높음,좋음,N,89.24,0.0,0.0,0.0,0.0,10.76,84.75,0.03,0.0,0.0,8.99,6.23
K55105B33534,삼성인도중소형FOCUS증권자투자신탁UH[주식],#해외주식형#인도,4177.42,130.55,989.93,26.42,2015.11.16,6.62,12.87,35.31,29.95,70.63,140.88,218.42,,2,높은 위험,삼성자산운용,"선취(X),후취(X),환매(X)",http:&#47;&#47;file.fnguide.com&#47;upload1&#47;FnSpectrum&#47;invest&#47;K55105B33534_약.pdf,http:&#47;&#47;file.fnguide.com&#47;upload1&#47;FnSpectrum&#47;invest&#47;K55105B33534_투.pdf,해외주식형,인도주식,237,장현준,국민은행,,이 투자신탁은 인도의 중소형 기업과 향후 성장이 예상되는 기업 등의 주식에 주로 투자하는 모투자신탁에 투자신탁재산의 대부분을 투자하는 증권투자신탁[주식]으로 투자대상 자산의 가격상승 등에 따른 투자수익을 추구합니다,이 투자신탁은 신탁재산의 70% 이상을 인도의 중소형기업과 향후 성장이 예상되는 기업 등이 발행하여 인도나 제3의 국가에서 상장되어 거래되는 주식 및 이를 기초로 한 증권예탁증권 등에 주로 투자하는 삼성인도중소형FOCUS모투자신탁[주식]에 투자하여 운용할 계획입니다,S&P BSE MidSmallcap Index(KRW) ×90% + 콜금리 ×10%,인도&#47;인도,상승,좋음,높음,좋음,N,83.97,0.0,0.0,0.0,0.0,16.03,50.48,0.0,0.0,0.0,20.41,29.11
K55105B78778,삼성클래식인도중소형FOCUS연금증권자투자신탁UH[주식],#해외주식형#연금저축#인도,4155.14,129.87,254.61,57.08,2015.11.19,6.62,12.86,35.24,29.91,70.62,140.52,217.01,,2,높은 위험,삼성자산운용,"선취(X),후취(X),환매(X)",http:&#47;&#47;file.fnguide.com&#47;upload1&#47;FnSpectrum&#47;invest&#47;K55105B78778_약.pdf,http:&#47;&#47;file.fnguide.com&#47;upload1&#47;FnSpectrum&#47;invest&#47;K55105B78778_투.pdf,해외주식형,인도주식,61,장현준,국민은행,,가. 이 투자신탁은 인도의 중소형 기업과 향후 성장이 예상되는 기업 등의 주식에 주로 투자하는 모투자신탁에 투자신탁재산의 대부분을 투자하는 증권투자신탁[주식]으로 투자대상 자산의 가격상승 등에 따른 투자수익을 추구합니다. 나. 아울러 이 투자신탁은 해외투자에 따른 환율변동 위험 회피를 위한 환헷지 전략을 기본적으로 실시하지 않을 계획이므로 외국통화표시자산 투자에 따른 환위험에 노출됩니다.,"(1) 이 투자신탁은 신탁재산의 70% 이상을 인도의 중소형기업과 향후 성장이 예상되는 기업 등이 발행하여 인도나 제3의 국가에서 상장되어 거래되는 주식 및 이를 기초로 한 증권예탁증권 등에 주로 투자하는 삼성인도중소형FOCUS모투자신탁[주식]에 투자하여 운용할 계획입니다. (2) 이 투자신탁은 해외투자로 인한 환율변동 위험을 회피하기 위한 환헷지 전략은 기본적으로 실시하지 않을 계획이므로 환율변동에 따른 위험에 노출되어 있습니다. 이로 인해 환율변동으로 인한 급격한 신탁재산 가치변동을 초래할 수 있으며, 심지어 투자신탁에서 투자한 증권의 가격상승으로 인한 수익이 발생하더라도 통화의 가치가 더 크게 하락할 경우 오히려 투자원본의 손실을 초래할 수도 있습니다.",S&P BSE MidSmallcap Index(KRW) ×90% + 콜금리 ×10%,인도&#47;인도,상승,좋음,높음,좋음,N,83.96,0.0,0.0,0.0,0.0,16.04,50.48,0.0,0.0,0.0,20.41,29.11
K55105B33633,삼성인도중소형FOCUS증권자투자신탁UH[주식]_Cw,#해외주식형#인도,4213.26,131.62,989.25,26.42,2016.01.22,6.54,12.6,34.74,29.48,69.26,135.01,205.03,1.08,2,높은 위험,삼성자산운용,"선취(X),후취(X),환매(X)",http:&#47;&#47;file.fnguide.com&#47;upload1&#47;FnSpectrum&#47;invest&#47;K55105B33534_약.pdf,http:&#47;&#47;file.fnguide.com&#47;upload1&#47;FnSpectrum&#47;invest&#47;K55105B33534_투.pdf,해외주식형,인도주식,303,장현준,국민은행,,이 투자신탁은 인도의 중소형 기업과 향후 성장이 예상되는 기업 등의 주식에 주로 투자하는 모투자신탁에 투자신탁재산의 대부분을 투자하는 증권투자신탁[주식]으로 투자대상 자산의 가격상승 등에 따른 투자수익을 추구합니다,이 투자신탁은 신탁재산의 70% 이상을 인도의 중소형기업과 향후 성장이 예상되는 기업 등이 발행하여 인도나 제3의 국가에서 상장되어 거래되는 주식 및 이를 기초로 한 증권예탁증권 등에 주로 투자하는 삼성인도중소형FOCUS모투자신탁[주식]에 투자하여 운용할 계획입니다,S&P BSE MidSmallcap Index(KRW) ×90% + 콜금리 ×10%,인도&#47;인도,상승,좋음,높음,좋음,Y,83.97,0.0,0.0,0.0,0.0,16.03,50.48,0.0,0.0,0.0,20.41,29.11
K55105DJ0265,삼성KODEX미국반도체MV증권상장지수투자신탁[주식],#해외주식형#ETF(해외주식)#해외지수#북미,22962.95,294.45,4121.85,4.3,2021.06.28,15.85,14.01,60.06,47.54,75.95,,,0.18,2,높은 위험,삼성자산운용,"선취(X),후취(X),환매(X)",http:&#47;&#47;file.fnguide.com&#47;upload1&#47;FnSpectrum&#47;invest&#47;K55105DJ0265_약.pdf,http:&#47;&#47;file.fnguide.com&#47;upload1&#47;FnSpectrum&#47;invest&#47;K55105DJ0265_투.pdf,해외주식형,북미주식,1795,한동훈,한국씨티은행,예탁결제원,"이 투자신탁은 미국거래소에 상장된 주식을 주된 투자대상으로 신탁재산의 60% 이상을 투자하며, 미국거래소에 상장된 반도체 기업을 대상으로, MV Index Solutions가 산출 및 발표하는 MVIS US Listed Semiconductor25 Index(KRW)를 기초지수로 하여 1좌당 순자산가치의 변동률을 기초지수의 변동률과 유사하도록 투자신탁재산을 운용할 계획입니다.","이 투자신탁은 미국거래소에 상장된 반도체 기업을 대상으로, MV Index Solutions가 산출 및 발표하는 MVIS US Listed Semiconductor 25 Index(KRW)를 기초지수로 하여 1좌당 순자산가치의 변동률을 기초지수의 변동률과 유사하도록 투자신탁재산을 운용할",MVIS US Listed Semiconductor 25 Index(KRW),북미&#47;북미,상승,좋음,높음,좋음,N,97.46,0.0,0.0,0.0,2.77,0.0,76.75,0.0,0.0,1.75,18.61,2.89
K55105B33419,삼성인도중소형FOCUS증권모투자신탁[주식],#해외주식형#모펀드,4215.64,139.72,1861.38,4.43,2015.11.16,6.95,13.4,36.48,30.97,73.26,146.25,227.09,,2,높은 위험,삼성자산운용,"선취(X),후취(X),환매(X)",,,해외주식형,신흥아시아주식,442,장현준,,,,,,,하락,좋음,높음,좋음,N,89.24,0.0,0.0,0.0,0.0,10.76,84.75,0.03,0.0,0.0,8.99,6.23
K55105B33534,삼성인도중소형FOCUS증권자투자신탁UH[주식],#해외주식형#인도,4177.42,130.55,989.93,26.42,2015.11.16,6.62,12.87,35.31,29.95,70.63,140.88,218.42,,2,높은 위험,삼성자산운용,"선취(X),후취(X),환매(X)",http:&#47;&#47;file.fnguide.com&#47;upload1&#47;FnSpectrum&#47;invest&#47;K55105B33534_약.pdf,http:&#47;&#47;file.fnguide.com&#47;upload1&#47;FnSpectrum&#47;invest&#47;K55105B33534_투.pdf,해외주식형,인도주식,237,장현준,국민은행,,이 투자신탁은 인도의 중소형 기업과 향후 성장이 예상되는 기업 등의 주식에 주로 투자하는 모투자신탁에 투자신탁재산의 대부분을 투자하는 증권투자신탁[주식]으로 투자대상 자산의 가격상승 등에 따른 투자수익을 추구합니다,이 투자신탁은 신탁재산의 70% 이상을 인도의 중소형기업과 향후 성장이 예상되는 기업 등이 발행하여 인도나 제3의 국가에서 상장되어 거래되는 주식 및 이를 기초로 한 증권예탁증권 등에 주로 투자하는 삼성인도중소형FOCUS모투자신탁[주식]에 투자하여 운용할 계획입니다,S&P BSE MidSmallcap Index(KRW) ×90% + 콜금리 ×10%,인도&#47;인도,상승,좋음,높음,좋음,N,83.97,0.0,0.0,0.0,0.0,16.03,50.48,0.0,0.0,0.0,20.41,29.11
K55105B78778,삼성클래식인도중소형FOCUS연금증권자투자신탁UH[주식],#해외주식형#연금저축#인도,4155.14,129.87,254.61,57.08,2015.11.19,6.62,12.86,35.24,29.91,70.62,140.52,217.01,,2,높은 위험,삼성자산운용,"선취(X),후취(X),환매(X)",http:&#47;&#47;file.fnguide.com&#47;upload1&#47;FnSpectrum&#47;invest&#47;K55105B78778_약.pdf,http:&#47;&#47;file.fnguide.com&#47;upload1&#47;FnSpectrum&#47;invest&#47;K55105B78778_투.pdf,해외주식형,인도주식,61,장현준,국민은행,,가. 이 투자신탁은 인도의 중소형 기업과 향후 성장이 예상되는 기업 등의 주식에 주로 투자하는 모투자신탁에 투자신탁재산의 대부분을 투자하는 증권투자신탁[주식]으로 투자대상 자산의 가격상승 등에 따른 투자수익을 추구합니다. 나. 아울러 이 투자신탁은 해외투자에 따른 환율변동 위험 회피를 위한 환헷지 전략을 기본적으로 실시하지 않을 계획이므로 외국통화표시자산 투자에 따른 환위험에 노출됩니다.,"(1) 이 투자신탁은 신탁재산의 70% 이상을 인도의 중소형기업과 향후 성장이 예상되는 기업 등이 발행하여 인도나 제3의 국가에서 상장되어 거래되는 주식 및 이를 기초로 한 증권예탁증권 등에 주로 투자하는 삼성인도중소형FOCUS모투자신탁[주식]에 투자하여 운용할 계획입니다. (2) 이 투자신탁은 해외투자로 인한 환율변동 위험을 회피하기 위한 환헷지 전략은 기본적으로 실시하지 않을 계획이므로 환율변동에 따른 위험에 노출되어 있습니다. 이로 인해 환율변동으로 인한 급격한 신탁재산 가치변동을 초래할 수 있으며, 심지어 투자신탁에서 투자한 증권의 가격상승으로 인한 수익이 발생하더라도 통화의 가치가 더 크게 하락할 경우 오히려 투자원본의 손실을 초래할 수도 있습니다.",S&P BSE MidSmallcap Index(KRW) ×90% + 콜금리 ×10%,인도&#47;인도,상승,좋음,높음,좋음,N,83.96,0.0,0.0,0.0,0.0,16.04,50.48,0.0,0.0,0.0,20.41,29.11
K55105B33633,삼성인도중소형FOCUS증권자투자신탁UH[주식]_Cw,#해외주식형#인도,4213.26,131.62,989.25,26.42,2016.01.22,6.54,12.6,34.74,29.48,69.26,135.01,205.03,1.08,2,높은 위험,삼성자산운용,"선취(X),후취(X),환매(X)",http:&#47;&#47;file.fnguide.com&#47;upload1&#47;FnSpectrum&#47;invest&#47;K55105B33534_약.pdf,http:&#47;&#47;file.fnguide.com&#47;upload1&#47;FnSpectrum&#47;invest&#47;K55105B33534_투.pdf,해외주식형,인도주식,303,장현준,국민은행,,이 투자신탁은 인도의 중소형 기업과 향후 성장이 예상되는 기업 등의 주식에 주로 투자하는 모투자신탁에 투자신탁재산의 대부분을 투자하는 증권투자신탁[주식]으로 투자대상 자산의 가격상승 등에 따른 투자수익을 추구합니다,이 투자신탁은 신탁재산의 70% 이상을 인도의 중소형기업과 향후 성장이 예상되는 기업 등이 발행하여 인도나 제3의 국가에서 상장되어 거래되는 주식 및 이를 기초로 한 증권예탁증권 등에 주로 투자하는 삼성인도중소형FOCUS모투자신탁[주식]에 투자하여 운용할 계획입니다,S&P BSE MidSmallcap Index(KRW) ×90% + 콜금리 ×10%,인도&#47;인도,상승,좋음,높음,좋음,Y,83.97,0.0,0.0,0.0,0.0,16.03,50.48,0.0,0.0,0.0,20.41,29.11
K55105DJ0265,삼성KODEX미국반도체MV증권상장지수투자신탁[주식],#해외주식형#ETF(해외주식)#해외지수#북미,22962.95,294.45,4121.85,4.3,2021.06.28,15.85,14.01,60.06,47.54,75.95,,,0.18,2,높은 위험,삼성자산운용,"선취(X),후취(X),환매(X)",http:&#47;&#47;file.fnguide.com&#47;upload1&#47;FnSpectrum&#47;invest&#47;K55105DJ0265_약.pdf,http:&#47;&#47;file.fnguide.com&#47;upload1&#47;FnSpectrum&#47;invest&#47;K55105DJ0265_투.pdf,해외주식형,북미주식,1795,한동훈,한국씨티은행,예탁결제원,"이 투자신탁은 미국거래소에 상장된 주식을 주된 투자대상으로 신탁재산의 60% 이상을 투자하며, 미국거래소에 상장된 반도체 기업을 대상으로, MV Index Solutions가 산출 및 발표하는 MVIS US Listed Semiconductor25 Index(KRW)를 기초지수로 하여 1좌당 순자산가치의 변동률을 기초지수의 변동률과 유사하도록 투자신탁재산을 운용할 계획입니다.","이 투자신탁은 미국거래소에 상장된 반도체 기업을 대상으로, MV Index Solutions가 산출 및 발표하는 MVIS US Listed Semiconductor 25 Index(KRW)를 기초지수로 하여 1좌당 순자산가치의 변동률을 기초지수의 변동률과 유사하도록 투자신탁재산을 운용할",MVIS US Listed Semiconductor 25 Index(KRW),북미&#47;북미,상승,좋음,높음,좋음,N,97.46,0.0,0.0,0.0,2.77,0.0,76.75,0.0,0.0,1.75,18.61,2.89
K55105B33419,삼성인도중소형FOCUS증권모투자신탁[주식],#해외주식형#모펀드,4215.64,139.72,1861.38,4.43,2015.11.16,6.95,13.4,36.48,30.97,73.26,146.25,227.09,,2,높은 위험,삼성자산운용,"선취(X),후취(X),환매(X)",,,해외주식형,신흥아시아주식,442,장현준,,,,,,,하락,좋음,높음,좋음,N,89.24,0.0,0.0,0.0,0.0,10.76,84.75,0.03,0.0,0.0,8.99,6.23
K55105B33534,삼성인도중소형FOCUS증권자투자신탁UH[주식],#해외주식형#인도,4177.42,130.55,989.93,26.42,2015.11.16,6.62,12.87,35.31,29.95,70.63,140.88,218.42,,2,높은 위험,삼성자산운용,"선취(X),후취(X),환매(X)",http:&#47;&#47;file.fnguide.com&#47;upload1&#47;FnSpectrum&#47;invest&#47;K55105B33534_약.pdf,http:&#47;&#47;file.fnguide.com&#47;upload1&#47;FnSpectrum&#47;invest&#47;K55105B33534_투.pdf,해외주식형,인도주식,237,장현준,국민은행,,이 투자신탁은 인도의 중소형 기업과 향후 성장이 예상되는 기업 등의 주식에 주로 투자하는 모투자신탁에 투자신탁재산의 대부분을 투자하는 증권투자신탁[주식]으로 투자대상 자산의 가격상승 등에 따른 투자수익을 추구합니다,이 투자신탁은 신탁재산의 70% 이상을 인도의 중소형기업과 향후 성장이 예상되는 기업 등이 발행하여 인도나 제3의 국가에서 상장되어 거래되는 주식 및 이를 기초로 한 증권예탁증권 등에 주로 투자하는 삼성인도중소형FOCUS모투자신탁[주식]에 투자하여 운용할 계획입니다,S&P BSE MidSmallcap Index(KRW) ×90% + 콜금리 ×10%,인도&#47;인도,상승,좋음,높음,좋음,N,83.97,0.0,0.0,0.0,0.0,16.03,50.48,0.0,0.0,0.0,20.41,29.11
K55105B78778,삼성클래식인도중소형FOCUS연금증권자투자신탁UH[주식],#해외주식형#연금저축#인도,4155.14,129.87,254.61,57.08,2015.11.19,6.62,12.86,35.24,29.91,70.62,140.52,217.01,,2,높은 위험,삼성자산운용,"선취(X),후취(X),환매(X)",http:&#47;&#47;file.fnguide.com&#47;upload1&#47;FnSpectrum&#47;invest&#47;K55105B78778_약.pdf,http:&#47;&#47;file.fnguide.com&#47;upload1&#47;FnSpectrum&#47;invest&#47;K55105B78778_투.pdf,해외주식형,인도주식,61,장현준,국민은행,,가. 이 투자신탁은 인도의 중소형 기업과 향후 성장이 예상되는 기업 등의 주식에 주로 투자하는 모투자신탁에 투자신탁재산의 대부분을 투자하는 증권투자신탁[주식]으로 투자대상 자산의 가격상승 등에 따른 투자수익을 추구합니다. 나. 아울러 이 투자신탁은 해외투자에 따른 환율변동 위험 회피를 위한 환헷지 전략을 기본적으로 실시하지 않을 계획이므로 외국통화표시자산 투자에 따른 환위험에 노출됩니다.,"(1) 이 투자신탁은 신탁재산의 70% 이상을 인도의 중소형기업과 향후 성장이 예상되는 기업 등이 발행하여 인도나 제3의 국가에서 상장되어 거래되는 주식 및 이를 기초로 한 증권예탁증권 등에 주로 투자하는 삼성인도중소형FOCUS모투자신탁[주식]에 투자하여 운용할 계획입니다. (2) 이 투자신탁은 해외투자로 인한 환율변동 위험을 회피하기 위한 환헷지 전략은 기본적으로 실시하지 않을 계획이므로 환율변동에 따른 위험에 노출되어 있습니다. 이로 인해 환율변동으로 인한 급격한 신탁재산 가치변동을 초래할 수 있으며, 심지어 투자신탁에서 투자한 증권의 가격상승으로 인한 수익이 발생하더라도 통화의 가치가 더 크게 하락할 경우 오히려 투자원본의 손실을 초래할 수도 있습니다.",S&P BSE MidSmallcap Index(KRW) ×90% + 콜금리 ×10%,인도&#47;인도,상승,좋음,높음,좋음,N,83.96,0.0,0.0,0.0,0.0,16.04,50.48,0.0,0.0,0.0,20.41,29.11
K55105B33633,삼성인도중소형FOCUS증권자투자신탁UH[주식]_Cw,#해외주식형#인도,4213.26,131.62,989.25,26.42,2016.01.22,6.54,12.6,34.74,29.48,69.26,135.01,205.03,1.08,2,높은 위험,삼성자산운용,"선취(X),후취(X),환매(X)",http:&#47;&#47;file.fnguide.com&#47;upload1&#47;FnSpectrum&#47;invest&#47;K55105B33534_약.pdf,http:&#47;&#47;file.fnguide.com&#47;upload1&#47;FnSpectrum&#47;invest&#47;K55105B33534_투.pdf,해외주식형,인도주식,303,장현준,국민은행,,이 투자신탁은 인도의 중소형 기업과 향후 성장이 예상되는 기업 등의 주식에 주로 투자하는 모투자신탁에 투자신탁재산의 대부분을 투자하는 증권투자신탁[주식]으로 투자대상 자산의 가격상승 등에 따른 투자수익을 추구합니다,이 투자신탁은 신탁재산의 70% 이상을 인도의 중소형기업과 향후 성장이 예상되는 기업 등이 발행하여 인도나 제3의 국가에서 상장되어 거래되는 주식 및 이를 기초로 한 증권예탁증권 등에 주로 투자하는 삼성인도중소형FOCUS모투자신탁[주식]에 투자하여 운용할 계획입니다,S&P BSE MidSmallcap Index(KRW) ×90% + 콜금리 ×10%,인도&#47;인도,상승,좋음,높음,좋음,Y,83.97,0.0,0.0,0.0,0.0,16.03,50.48,0.0,0.0,0.0,20.41,29.11
K55105DJ0265,삼성KODEX미국반도체MV증권상장지수투자신탁[주식],#해외주식형#ETF(해외주식)#해외지수#북미,22962.95,294.45,4121.85,4.3,2021.06.28,15.85,14.01,60.06,47.54,75.95,,,0.18,2,높은 위험,삼성자산운용,"선취(X),후취(X),환매(X)",http:&#47;&#47;file.fnguide.com&#47;upload1&#47;FnSpectrum&#47;invest&#47;K55105DJ0265_약.pdf,http:&#47;&#47;file.fnguide.com&#47;upload1&#47;FnSpectrum&#47;invest&#47;K55105DJ0265_투.pdf,해외주식형,북미주식,1795,한동훈,한국씨티은행,예탁결제원,"이 투자신탁은 미국거래소에 상장된 주식을 주된 투자대상으로 신탁재산의 60% 이상을 투자하며, 미국거래소에 상장된 반도체 기업을 대상으로, MV Index Solutions가 산출 및 발표하는 MVIS US Listed Semiconductor25 Index(KRW)를 기초지수로 하여 1좌당 순자산가치의 변동률을 기초지수의 변동률과 유사하도록 투자신탁재산을 운용할 계획입니다.","이 투자신탁은 미국거래소에 상장된 반도체 기업을 대상으로, MV Index Solutions가 산출 및 발표하는 MVIS US Listed Semiconductor 25 Index(KRW)를 기초지수로 하여 1좌당 순자산가치의 변동률을 기초지수의 변동률과 유사하도록 투자신탁재산을 운용할",MVIS US Listed Semiconductor 25 Index(KRW),북미&#47;북미,상승,좋음,높음,좋음,N,97.46,0.0,0.0,0.0,2.77,0.0,76.75,0.0,0.0,1.75,18.61,2.89
K55105B33419,삼성인도중소형FOCUS증권모투자신탁[주식],#해외주식형#모펀드,4215.64,139.72,1861.38,4.43,2015.11.16,6.95,13.4,36.48,30.97,73.26,146.25,227.09,,2,높은 위험,삼성자산운용,"선취(X),후취(X),환매(X)",,,해외주식형,신흥아시아주식,442,장현준,,,,,,,하락,좋음,높음,좋음,N,89.24,0.0,0.0,0.0,0.0,10.76,84.75,0.03,0.0,0.0,8.99,6.23
K55105B33534,삼성인도중소형FOCUS증권자투자신탁UH[주식],#해외주식형#인도,4177.42,130.55,989.93,26.42,2015.11.16,6.62,12.87,35.31,29.95,70.63,140.88,218.42,,2,높은 위험,삼성자산운용,"선취(X),후취(X),환매(X)",http:&#47;&#47;file.fnguide.com&#47;upload1&#47;FnSpectrum&#47;invest&#47;K55105B33534_약.pdf,http:&#47;&#47;file.fnguide.com&#47;upload1&#47;FnSpectrum&#47;invest&#47;K55105B33534_투.pdf,해외주식형,인도주식,237,장현준,국민은행,,이 투자신탁은 인도의 중소형 기업과 향후 성장이 예상되는 기업 등의 주식에 주로 투자하는 모투자신탁에 투자신탁재산의 대부분을 투자하는 증권투자신탁[주식]으로 투자대상 자산의 가격상승 등에 따른 투자수익을 추구합니다,이 투자신탁은 신탁재산의 70% 이상을 인도의 중소형기업과 향후 성장이 예상되는 기업 등이 발행하여 인도나 제3의 국가에서 상장되어 거래되는 주식 및 이를 기초로 한 증권예탁증권 등에 주로 투자하는 삼성인도중소형FOCUS모투자신탁[주식]에 투자하여 운용할 계획입니다,S&P BSE MidSmallcap Index(KRW) ×90% + 콜금리 ×10%,인도&#47;인도,상승,좋음,높음,좋음,N,83.97,0.0,0.0,0.0,0.0,16.03,50.48,0.0,0.0,0.0,20.41,29.11
K55105B78778,삼성클래식인도중소형FOCUS연금증권자투자신탁UH[주식],#해외주식형#연금저축#인도,4155.14,129.87,254.61,57.08,2015.11.19,6.62,12.86,35.24,29.91,70.62,140.52,217.01,,2,높은 위험,삼성자산운용,"선취(X),후취(X),환매(X)",http:&#47;&#47;file.fnguide.com&#47;upload1&#47;FnSpectrum&#47;invest&#47;K55105B78778_약.pdf,http:&#47;&#47;file.fnguide.com&#47;upload1&#47;FnSpectrum&#47;invest&#47;K55105B78778_투.pdf,해외주식형,인도주식,61,장현준,국민은행,,가. 이 투자신탁은 인도의 중소형 기업과 향후 성장이 예상되는 기업 등의 주식에 주로 투자하는 모투자신탁에 투자신탁재산의 대부분을 투자하는 증권투자신탁[주식]으로 투자대상 자산의 가격상승 등에 따른 투자수익을 추구합니다. 나. 아울러 이 투자신탁은 해외투자에 따른 환율변동 위험 회피를 위한 환헷지 전략을 기본적으로 실시하지 않을 계획이므로 외국통화표시자산 투자에 따른 환위험에 노출됩니다.,"(1) 이 투자신탁은 신탁재산의 70% 이상을 인도의 중소형기업과 향후 성장이 예상되는 기업 등이 발행하여 인도나 제3의 국가에서 상장되어 거래되는 주식 및 이를 기초로 한 증권예탁증권 등에 주로 투자하는 삼성인도중소형FOCUS모투자신탁[주식]에 투자하여 운용할 계획입니다. (2) 이 투자신탁은 해외투자로 인한 환율변동 위험을 회피하기 위한 환헷지 전략은 기본적으로 실시하지 않을 계획이므로 환율변동에 따른 위험에 노출되어 있습니다. 이로 인해 환율변동으로 인한 급격한 신탁재산 가치변동을 초래할 수 있으며, 심지어 투자신탁에서 투자한 증권의 가격상승으로 인한 수익이 발생하더라도 통화의 가치가 더 크게 하락할 경우 오히려 투자원본의 손실을 초래할 수도 있습니다.",S&P BSE MidSmallcap Index(KRW) ×90% + 콜금리 ×10%,인도&#47;인도,상승,좋음,높음,좋음,N,83.96,0.0,0.0,0.0,0.0,16.04,50.48,0.0,0.0,0.0,20.41,29.11
K55105B33633,삼성인도중소형FOCUS증권자투자신탁UH[주식]_Cw,#해외주식형#인도,4213.26,131.62,989.25,26.42,2016.01.22,6.54,12.6,34.74,29.48,69.26,135.01,205.03,1.08,2,높은 위험,삼성자산운용,"선취(X),후취(X),환매(X)",http:&#47;&#47;file.fnguide.com&#47;upload1&#47;FnSpectrum&#47;invest&#47;K55105B33534_약.pdf,http:&#47;&#47;file.fnguide.com&#47;upload1&#47;FnSpectrum&#47;invest&#47;K55105B33534_투.pdf,해외주식형,인도주식,303,장현준,국민은행,,이 투자신탁은 인도의 중소형 기업과 향후 성장이 예상되는 기업 등의 주식에 주로 투자하는 모투자신탁에 투자신탁재산의 대부분을 투자하는 증권투자신탁[주식]으로 투자대상 자산의 가격상승 등에 따른 투자수익을 추구합니다,이 투자신탁은 신탁재산의 70% 이상을 인도의 중소형기업과 향후 성장이 예상되는 기업 등이 발행하여 인도나 제3의 국가에서 상장되어 거래되는 주식 및 이를 기초로 한 증권예탁증권 등에 주로 투자하는 삼성인도중소형FOCUS모투자신탁[주식]에 투자하여 운용할 계획입니다,S&P BSE MidSmallcap Index(KRW) ×90% + 콜금리 ×10%,인도&#47;인도,상승,좋음,높음,좋음,Y,83.97,0.0,0.0,0.0,0.0,16.03,50.48,0.0,0.0,0.0,20.41,29.11
K55105DJ0265,삼성KODEX미국반도체MV증권상장지수투자신탁[주식],#해외주식형#ETF(해외주식)#해외지수#북미,22962.95,294.45,4121.85,4.3,2021.06.28,15.85,14.01,60.06,47.54,75.95,,,0.18,2,높은 위험,삼성자산운용,"선취(X),후취(X),환매(X)",http:&#47;&#47;file.fnguide.com&#47;upload1&#47;FnSpectrum&#47;invest&#47;K55105DJ0265_약.pdf,http:&#47;&#47;file.fnguide.com&#47;upload1&#47;FnSpectrum&#47;invest&#47;K55105DJ0265_투.pdf,해외주식형,북미주식,1795,한동훈,한국씨티은행,예탁결제원,"이 투자신탁은 미국거래소에 상장된 주식을 주된 투자대상으로 신탁재산의 60% 이상을 투자하며, 미국거래소에 상장된 반도체 기업을 대상으로, MV Index Solutions가 산출 및 발표하는 MVIS US Listed Semiconductor25 Index(KRW)를 기초지수로 하여 1좌당 순자산가치의 변동률을 기초지수의 변동률과 유사하도록 투자신탁재산을 운용할 계획입니다.","이 투자신탁은 미국거래소에 상장된 반도체 기업을 대상으로, MV Index Solutions가 산출 및 발표하는 MVIS US Listed Semiconductor 25 Index(KRW)를 기초지수로 하여 1좌당 순자산가치의 변동률을 기초지수의 변동률과 유사하도록 투자신탁재산을 운용할",MVIS US Listed Semiconductor 25 Index(KRW),북미&#47;북미,상승,좋음,높음,좋음,N,97.46,0.0,0.0,0.0,2.77,0.0,76.75,0.0,0.0,1.75,18.61,2.89
K55105B33419,삼성인도중소형FOCUS증권모투자신탁[주식],#해외주식형#모펀드,4215.64,139.72,1861.38,4.43,2015.11.16,6.95,13.4,36.48,30.97,73.26,146.25,227.09,,2,높은 위험,삼성자산운용,"선취(X),후취(X),환매(X)",,,해외주식형,신흥아시아주식,442,장현준,,,,,,,하락,좋음,높음,좋음,N,89.24,0.0,0.0,0.0,0.0,10.76,84.75,0.03,0.0,0.0,8.99,6.23
K55105B33534,삼성인도중소형FOCUS증권자투자신탁UH[주식],#해외주식형#인도,4177.42,130.55,989.93,26.42,2015.11.16,6.62,12.87,35.31,29.95,70.63,140.88,218.42,,2,높은 위험,삼성자산운용,"선취(X),후취(X),환매(X)",http:&#47;&#47;file.fnguide.com&#47;upload1&#47;FnSpectrum&#47;invest&#47;K55105B33534_약.pdf,http:&#47;&#47;file.fnguide.com&#47;upload1&#47;FnSpectrum&#47;invest&#47;K55105B33534_투.pdf,해외주식형,인도주식,237,장현준,국민은행,,이 투자신탁은 인도의 중소형 기업과 향후 성장이 예상되는 기업 등의 주식에 주로 투자하는 모투자신탁에 투자신탁재산의 대부분을 투자하는 증권투자신탁[주식]으로 투자대상 자산의 가격상승 등에 따른 투자수익을 추구합니다,이 투자신탁은 신탁재산의 70% 이상을 인도의 중소형기업과 향후 성장이 예상되는 기업 등이 발행하여 인도나 제3의 국가에서 상장되어 거래되는 주식 및 이를 기초로 한 증권예탁증권 등에 주로 투자하는 삼성인도중소형FOCUS모투자신탁[주식]에 투자하여 운용할 계획입니다,S&P BSE MidSmallcap Index(KRW) ×90% + 콜금리 ×10%,인도&#47;인도,상승,좋음,높음,좋음,N,83.97,0.0,0.0,0.0,0.0,16.03,50.48,0.0,0.0,0.0,20.41,29.11
K55105B78778,삼성클래식인도중소형FOCUS연금증권자투자신탁UH[주식],#해외주식형#연금저축#인도,4155.14,129.87,254.61,57.08,2015.11.19,6.62,12.86,35.24,29.91,70.62,140.52,217.01,,2,높은 위험,삼성자산운용,"선취(X),후취(X),환매(X)",http:&#47;&#47;file.fnguide.com&#47;upload1&#47;FnSpectrum&#47;invest&#47;K55105B78778_약.pdf,http:&#47;&#47;file.fnguide.com&#47;upload1&#47;FnSpectrum&#47;invest&#47;K55105B78778_투.pdf,해외주식형,인도주식,61,장현준,국민은행,,가. 이 투자신탁은 인도의 중소형 기업과 향후 성장이 예상되는 기업 등의 주식에 주로 투자하는 모투자신탁에 투자신탁재산의 대부분을 투자하는 증권투자신탁[주식]으로 투자대상 자산의 가격상승 등에 따른 투자수익을 추구합니다. 나. 아울러 이 투자신탁은 해외투자에 따른 환율변동 위험 회피를 위한 환헷지 전략을 기본적으로 실시하지 않을 계획이므로 외국통화표시자산 투자에 따른 환위험에 노출됩니다.,"(1) 이 투자신탁은 신탁재산의 70% 이상을 인도의 중소형기업과 향후 성장이 예상되는 기업 등이 발행하여 인도나 제3의 국가에서 상장되어 거래되는 주식 및 이를 기초로 한 증권예탁증권 등에 주로 투자하는 삼성인도중소형FOCUS모투자신탁[주식]에 투자하여 운용할 계획입니다. (2) 이 투자신탁은 해외투자로 인한 환율변동 위험을 회피하기 위한 환헷지 전략은 기본적으로 실시하지 않을 계획이므로 환율변동에 따른 위험에 노출되어 있습니다. 이로 인해 환율변동으로 인한 급격한 신탁재산 가치변동을 초래할 수 있으며, 심지어 투자신탁에서 투자한 증권의 가격상승으로 인한 수익이 발생하더라도 통화의 가치가 더 크게 하락할 경우 오히려 투자원본의 손실을 초래할 수도 있습니다.",S&P BSE MidSmallcap Index(KRW) ×90% + 콜금리 ×10%,인도&#47;인도,상승,좋음,높음,좋음,N,83.96,0.0,0.0,0.0,0.0,16.04,50.48,0.0,0.0,0.0,20.41,29.11
K55105B33633,삼성인도중소형FOCUS증권자투자신탁UH[주식]_Cw,#해외주식형#인도,4213.26,131.62,989.25,26.42,2016.01.22,6.54,12.6,34.74,29.48,69.26,135.01,205.03,1.08,2,높은 위험,삼성자산운용,"선취(X),후취(X),환매(X)",http:&#47;&#47;file.fnguide.com&#47;upload1&#47;FnSpectrum&#47;invest&#47;K55105B33534_약.pdf,http:&#47;&#47;file.fnguide.com&#47;upload1&#47;FnSpectrum&#47;invest&#47;K55105B33534_투.pdf,해외주식형,인도주식,303,장현준,국민은행,,이 투자신탁은 인도의 중소형 기업과 향후 성장이 예상되는 기업 등의 주식에 주로 투자하는 모투자신탁에 투자신탁재산의 대부분을 투자하는 증권투자신탁[주식]으로 투자대상 자산의 가격상승 등에 따른 투자수익을 추구합니다,이 투자신탁은 신탁재산의 70% 이상을 인도의 중소형기업과 향후 성장이 예상되는 기업 등이 발행하여 인도나 제3의 국가에서 상장되어 거래되는 주식 및 이를 기초로 한 증권예탁증권 등에 주로 투자하는 삼성인도중소형FOCUS모투자신탁[주식]에 투자하여 운용할 계획입니다,S&P BSE MidSmallcap Index(KRW) ×90% + 콜금리 ×10%,인도&#47;인도,상승,좋음,높음,좋음,Y,83.97,0.0,0.0,0.0,0.0,16.03,50.48,0.0,0.0,0.0,20.41,29.11
K55223DX4944,KBKBSTAR글로벌원자력iSelect증권상장지수투자신탁(주식),#해외주식형#ETF(해외주식)#해외지수#글로벌,17790.97,-621.08,320.24,28.65,2022.09.26,11.42,25.81,35.52,36.51,75.99,,,0.79,2,높은 위험,케이비자산운용,"선취(X),후취(X),환매(X)",,http:&#47;&#47;file.fnguide.com&#47;upload1&#47;FnSpectrum&#47;invest&#47;K55223DX4944_투.pdf,해외주식형,글로벌주식,180,노아름,HSBC은행,한국펀드파트너스,"이 투자신탁은 기초지수인 iSelect 글로벌원자력 지수 의 원화환산지수 환헤지 안함 ))’의 수익률과 유사한 수익률을 실현하는 것을 목표로 하는 상장지수투자신탁으로, 기초지수를 완전 복제하는 방식으로 운용할 계획입니다",이 투자신탁은 NH투자증권이 산출·발표하는 iSelect 글로벌원자력 지수의 원화환산지수(환헤지 안함)를 기초지수로 하여 1좌당 순자산가치의 변동률을 기초지수의 변동률과 유사하도록 투자신탁재산을 운용하는 것을 목표로 합니다.,iSelect 글로벌원자력 지수의 원화환산지수(환헤지 안함)*100%,글로벌&#47;글로벌,상승,좋음,높음,좋음,N,56.35,37.04,0.0,0.0,14.63,0.0,59.39,1.23,0.02,0.0,32.48,6.88
K55223DP1155,KBKBSTAR글로벌메타버스Moorgate증권상장지수투자신탁(주식),#해외주식형#ETF(해외주식)#해외지수#글로벌,14006.96,205.83,77.04,52.3,2021.12.20,11.5,11.61,39.36,33.19,53.99,,,0.69,2,높은 위험,케이비자산운용,"선취(X),후취(X),환매(X)",http:&#47;&#47;file.fnguide.com&#47;upload1&#47;FnSpectrum&#47;invest&#47;K55223DP1155_약.pdf,http:&#47;&#47;file.fnguide.com&#47;upload1&#47;FnSpectrum&#47;invest&#47;K55223DP1155_투.pdf,해외주식형,글로벌주식,55,노아름,HSBC은행,한국펀드파트너스,"이 투자신탁은 전세계 주요국가에 상장된 메타버스 관련 주식을 법에서 정하는 주된 투자대상으로 하며, Moorgate Benchmarks Ltd에서 산출 및 발표하는 Global Metaverse Index의 원화환산지수(환헤지 안함)를 기초지수로 하여 1좌당 순자산가치의 변동률을 기초지수의 변동률과 유사하도록 투자신탁재산을 운용하는 것을 목적으로 하는 투자신탁입니다.",이 투자신탁은 Moorgate Benchmarks Ltd에서 산출 및 발표하는 Global Metaverse Index의 원화환산지수(환헤지 안함)를 기초지수로 하여 1좌당 순자산가치의 변동률을 기초지수의 변동률과 유사하도록 투자신탁재산을 운용하는 것을 목표로 합니다.,Global Metaverse Index의 원화환산지수(환헤지 안함)*100%,글로벌&#47;글로벌,유지,좋음,높음,좋음,N,89.81,9.18,0.0,0.0,0.0,1.01,59.39,1.23,0.02,0.0,32.48,6.88
K55223DJ8901,KBKBSTAR비메모리반도체액티브증권상장지수투자신탁(주식),#국내주식형#ETF(국내주식)#IT,13735.98,-150.71,3107.08,4.28,2021.06.09,-0.92,7.99,22.41,16.08,46.25,,,0.57,2,높은 위험,케이비자산운용,"선취(X),후취(X),환매(X)",http:&#47;&#47;file.fnguide.com&#47;upload1&#47;FnSpectrum&#47;invest&#47;K55223DJ8901_약.pdf,http:&#47;&#47;file.fnguide.com&#47;upload1&#47;FnSpectrum&#47;invest&#47;K55223DJ8901_투.pdf,국내주식형,인덱스주식기타,2195,"노아름,강은표",KEB하나은행(구.하나은행),한국펀드파트너스,"이 투자신탁은 국내주식을 법에서 정하는 주된 투자대상으로 하며, NH투자증권에서 산출·발표하는 “iSelect 비메모리 반도체 지수”를 비교지수로 하여 비교지수 대비 초과수익 실현을 목적으로 하는 상장지수투자신탁입니다","이 투자신탁은 NH투자증권이 산출·발표하는 “iSelect 비메모리반도체 지수”를 비교지수로 하는 액티브 상장지수 집합투자기구로, 비교지수 대비 초과수익 실현을 목표로 합니다",iSelect 비메모리 반도체 지수*100%,,상승,좋음,높음,좋음,N,0.0,98.85,0.0,0.0,0.24,0.91,0.02,88.14,0.0,0.56,12.44,0.0
K55223DM7312,KB지수연계증권투자신탁230(ELS-파생형)(운용),#국내대체,1129.36,5.63,17.73,30.44,2021.09.07,2.45,24.42,32.95,30.23,43.45,,,,1,매우 높은 위험,케이비자산운용,"선취(X),후취(X),환매(X)",,http:&#47;&#47;file.fnguide.com&#47;upload1&#47;FnSpectrum&#47;invest&#47;K55223DM7312_투.pdf,국내대체,ELF,16,황명찬,우리은행,국민은행,"이 투자신탁은 파생결합증권을 주된 투자대상으로 하는 투자신탁으로서, S&P500 지수, HSCEI 지수, EUROSTOXX50 지수의 변동에 연계되고 매 6개월 단위로 조기상환조건이 내재된 파생결합증권에 투자함으로써 수익을 추구하는 것을 목적으로 합니다.","이 투자신탁은 주로 S&P500 지수, HSCEI 지수, EUROSTOXX50 지수의 변동에 연계되고 매 6개월 단위로 조기상환조건이 내재된 파생결합증권에 집합투자재산의 대부분을 투자할 계획입니다.",-,,하락,미흡,높음,좋음,Y,0.0,0.0,0.0,0.0,0.0,100.0,0.0,0.0,0.0,1.5,0.42,98.08
K55223DM7320,KB지수연계증권투자신탁230(ELS-파생형)A,#국내대체,1128.94,5.62,17.73,30.44,2021.09.07,2.45,24.42,32.95,30.23,43.45,,,0.01,1,매우 높은 위험,케이비자산운용,"선취(X),후취(X),환매(X)",,http:&#47;&#47;file.fnguide.com&#47;upload1&#47;FnSpectrum&#47;invest&#47;K55223DM7312_투.pdf,국내대체,ELF,16,황명찬,우리은행,국민은행,"이 투자신탁은 파생결합증권을 주된 투자대상으로 하는 투자신탁으로서, S&P500 지수, HSCEI 지수, EUROSTOXX50 지수의 변동에 연계되고 매 6개월 단위로 조기상환조건이 내재된 파생결합증권에 투자함으로써 수익을 추구하는 것을 목적으로 합니다.","이 투자신탁은 주로 S&P500 지수, HSCEI 지수, EUROSTOXX50 지수의 변동에 연계되고 매 6개월 단위로 조기상환조건이 내재된 파생결합증권에 집합투자재산의 대부분을 투자할 계획입니다.",-,,하락,미흡,높음,좋음,Y,0.0,0.0,0.0,0.0,0.0,100.0,0.0,0.0,0.0,1.5,0.42,98.08
K55223DX4944,KBKBSTAR글로벌원자력iSelect증권상장지수투자신탁(주식),#해외주식형#ETF(해외주식)#해외지수#글로벌,17790.97,-621.08,320.24,28.65,2022.09.26,11.42,25.81,35.52,36.51,75.99,,,0.79,2,높은 위험,케이비자산운용,"선취(X),후취(X),환매(X)",,http:&#47;&#47;file.fnguide.com&#47;upload1&#47;FnSpectrum&#47;invest&#47;K55223DX4944_투.pdf,해외주식형,글로벌주식,180,노아름,HSBC은행,한국펀드파트너스,"이 투자신탁은 기초지수인 iSelect 글로벌원자력 지수 의 원화환산지수 환헤지 안함 ))’의 수익률과 유사한 수익률을 실현하는 것을 목표로 하는 상장지수투자신탁으로, 기초지수를 완전 복제하는 방식으로 운용할 계획입니다",이 투자신탁은 NH투자증권이 산출·발표하는 iSelect 글로벌원자력 지수의 원화환산지수(환헤지 안함)를 기초지수로 하여 1좌당 순자산가치의 변동률을 기초지수의 변동률과 유사하도록 투자신탁재산을 운용하는 것을 목표로 합니다.,iSelect 글로벌원자력 지수의 원화환산지수(환헤지 안함)*100%,글로벌&#47;글로벌,상승,좋음,높음,좋음,N,56.35,37.04,0.0,0.0,14.63,0.0,59.39,1.23,0.02,0.0,32.48,6.88
K55223DP1155,KBKBSTAR글로벌메타버스Moorgate증권상장지수투자신탁(주식),#해외주식형#ETF(해외주식)#해외지수#글로벌,14006.96,205.83,77.04,52.3,2021.12.20,11.5,11.61,39.36,33.19,53.99,,,0.69,2,높은 위험,케이비자산운용,"선취(X),후취(X),환매(X)",http:&#47;&#47;file.fnguide.com&#47;upload1&#47;FnSpectrum&#47;invest&#47;K55223DP1155_약.pdf,http:&#47;&#47;file.fnguide.com&#47;upload1&#47;FnSpectrum&#47;invest&#47;K55223DP1155_투.pdf,해외주식형,글로벌주식,55,노아름,HSBC은행,한국펀드파트너스,"이 투자신탁은 전세계 주요국가에 상장된 메타버스 관련 주식을 법에서 정하는 주된 투자대상으로 하며, Moorgate Benchmarks Ltd에서 산출 및 발표하는 Global Metaverse Index의 원화환산지수(환헤지 안함)를 기초지수로 하여 1좌당 순자산가치의 변동률을 기초지수의 변동률과 유사하도록 투자신탁재산을 운용하는 것을 목적으로 하는 투자신탁입니다.",이 투자신탁은 Moorgate Benchmarks Ltd에서 산출 및 발표하는 Global Metaverse Index의 원화환산지수(환헤지 안함)를 기초지수로 하여 1좌당 순자산가치의 변동률을 기초지수의 변동률과 유사하도록 투자신탁재산을 운용하는 것을 목표로 합니다.,Global Metaverse Index의 원화환산지수(환헤지 안함)*100%,글로벌&#47;글로벌,유지,좋음,높음,좋음,N,89.81,9.18,0.0,0.0,0.0,1.01,59.39,1.23,0.02,0.0,32.48,6.88
K55223DJ8901,KBKBSTAR비메모리반도체액티브증권상장지수투자신탁(주식),#국내주식형#ETF(국내주식)#IT,13735.98,-150.71,3107.08,4.28,2021.06.09,-0.92,7.99,22.41,16.08,46.25,,,0.57,2,높은 위험,케이비자산운용,"선취(X),후취(X),환매(X)",http:&#47;&#47;file.fnguide.com&#47;upload1&#47;FnSpectrum&#47;invest&#47;K55223DJ8901_약.pdf,http:&#47;&#47;file.fnguide.com&#47;upload1&#47;FnSpectrum&#47;invest&#47;K55223DJ8901_투.pdf,국내주식형,인덱스주식기타,2195,"노아름,강은표",KEB하나은행(구.하나은행),한국펀드파트너스,"이 투자신탁은 국내주식을 법에서 정하는 주된 투자대상으로 하며, NH투자증권에서 산출·발표하는 “iSelect 비메모리 반도체 지수”를 비교지수로 하여 비교지수 대비 초과수익 실현을 목적으로 하는 상장지수투자신탁입니다","이 투자신탁은 NH투자증권이 산출·발표하는 “iSelect 비메모리반도체 지수”를 비교지수로 하는 액티브 상장지수 집합투자기구로, 비교지수 대비 초과수익 실현을 목표로 합니다",iSelect 비메모리 반도체 지수*100%,,상승,좋음,높음,좋음,N,0.0,98.85,0.0,0.0,0.24,0.91,0.02,88.14,0.0,0.56,12.44,0.0
K55223DM7312,KB지수연계증권투자신탁230(ELS-파생형)(운용),#국내대체,1129.36,5.63,17.73,30.44,2021.09.07,2.45,24.42,32.95,30.23,43.45,,,,1,매우 높은 위험,케이비자산운용,"선취(X),후취(X),환매(X)",,http:&#47;&#47;file.fnguide.com&#47;upload1&#47;FnSpectrum&#47;invest&#47;K55223DM7312_투.pdf,국내대체,ELF,16,황명찬,우리은행,국민은행,"이 투자신탁은 파생결합증권을 주된 투자대상으로 하는 투자신탁으로서, S&P500 지수, HSCEI 지수, EUROSTOXX50 지수의 변동에 연계되고 매 6개월 단위로 조기상환조건이 내재된 파생결합증권에 투자함으로써 수익을 추구하는 것을 목적으로 합니다.","이 투자신탁은 주로 S&P500 지수, HSCEI 지수, EUROSTOXX50 지수의 변동에 연계되고 매 6개월 단위로 조기상환조건이 내재된 파생결합증권에 집합투자재산의 대부분을 투자할 계획입니다.",-,,하락,미흡,높음,좋음,Y,0.0,0.0,0.0,0.0,0.0,100.0,0.0,0.0,0.0,1.5,0.42,98.08
K55223DM7320,KB지수연계증권투자신탁230(ELS-파생형)A,#국내대체,1128.94,5.62,17.73,30.44,2021.09.07,2.45,24.42,32.95,30.23,43.45,,,0.01,1,매우 높은 위험,케이비자산운용,"선취(X),후취(X),환매(X)",,http:&#47;&#47;file.fnguide.com&#47;upload1&#47;FnSpectrum&#47;invest&#47;K55223DM7312_투.pdf,국내대체,ELF,16,황명찬,우리은행,국민은행,"이 투자신탁은 파생결합증권을 주된 투자대상으로 하는 투자신탁으로서, S&P500 지수, HSCEI 지수, EUROSTOXX50 지수의 변동에 연계되고 매 6개월 단위로 조기상환조건이 내재된 파생결합증권에 투자함으로써 수익을 추구하는 것을 목적으로 합니다.","이 투자신탁은 주로 S&P500 지수, HSCEI 지수, EUROSTOXX50 지수의 변동에 연계되고 매 6개월 단위로 조기상환조건이 내재된 파생결합증권에 집합투자재산의 대부분을 투자할 계획입니다.",-,,하락,미흡,높음,좋음,Y,0.0,0.0,0.0,0.0,0.0,100.0,0.0,0.0,0.0,1.5,0.42,98.08
K55223DX4944,KBKBSTAR글로벌원자력iSelect증권상장지수투자신탁(주식),#해외주식형#ETF(해외주식)#해외지수#글로벌,17790.97,-621.08,320.24,28.65,2022.09.26,11.42,25.81,35.52,36.51,75.99,,,0.79,2,높은 위험,케이비자산운용,"선취(X),후취(X),환매(X)",,http:&#47;&#47;file.fnguide.com&#47;upload1&#47;FnSpectrum&#47;invest&#47;K55223DX4944_투.pdf,해외주식형,글로벌주식,180,노아름,HSBC은행,한국펀드파트너스,"이 투자신탁은 기초지수인 iSelect 글로벌원자력 지수 의 원화환산지수 환헤지 안함 ))’의 수익률과 유사한 수익률을 실현하는 것을 목표로 하는 상장지수투자신탁으로, 기초지수를 완전 복제하는 방식으로 운용할 계획입니다",이 투자신탁은 NH투자증권이 산출·발표하는 iSelect 글로벌원자력 지수의 원화환산지수(환헤지 안함)를 기초지수로 하여 1좌당 순자산가치의 변동률을 기초지수의 변동률과 유사하도록 투자신탁재산을 운용하는 것을 목표로 합니다.,iSelect 글로벌원자력 지수의 원화환산지수(환헤지 안함)*100%,글로벌&#47;글로벌,상승,좋음,높음,좋음,N,56.35,37.04,0.0,0.0,14.63,0.0,59.39,1.23,0.02,0.0,32.48,6.88
K55223DP1155,KBKBSTAR글로벌메타버스Moorgate증권상장지수투자신탁(주식),#해외주식형#ETF(해외주식)#해외지수#글로벌,14006.96,205.83,77.04,52.3,2021.12.20,11.5,11.61,39.36,33.19,53.99,,,0.69,2,높은 위험,케이비자산운용,"선취(X),후취(X),환매(X)",http:&#47;&#47;file.fnguide.com&#47;upload1&#47;FnSpectrum&#47;invest&#47;K55223DP1155_약.pdf,http:&#47;&#47;file.fnguide.com&#47;upload1&#47;FnSpectrum&#47;invest&#47;K55223DP1155_투.pdf,해외주식형,글로벌주식,55,노아름,HSBC은행,한국펀드파트너스,"이 투자신탁은 전세계 주요국가에 상장된 메타버스 관련 주식을 법에서 정하는 주된 투자대상으로 하며, Moorgate Benchmarks Ltd에서 산출 및 발표하는 Global Metaverse Index의 원화환산지수(환헤지 안함)를 기초지수로 하여 1좌당 순자산가치의 변동률을 기초지수의 변동률과 유사하도록 투자신탁재산을 운용하는 것을 목적으로 하는 투자신탁입니다.",이 투자신탁은 Moorgate Benchmarks Ltd에서 산출 및 발표하는 Global Metaverse Index의 원화환산지수(환헤지 안함)를 기초지수로 하여 1좌당 순자산가치의 변동률을 기초지수의 변동률과 유사하도록 투자신탁재산을 운용하는 것을 목표로 합니다.,Global Metaverse Index의 원화환산지수(환헤지 안함)*100%,글로벌&#47;글로벌,유지,좋음,높음,좋음,N,89.81,9.18,0.0,0.0,0.0,1.01,59.39,1.23,0.02,0.0,32.48,6.88
K55223DJ8901,KBKBSTAR비메모리반도체액티브증권상장지수투자신탁(주식),#국내주식형#ETF(국내주식)#IT,13735.98,-150.71,3107.08,4.28,2021.06.09,-0.92,7.99,22.41,16.08,46.25,,,0.57,2,높은 위험,케이비자산운용,"선취(X),후취(X),환매(X)",http:&#47;&#47;file.fnguide.com&#47;upload1&#47;FnSpectrum&#47;invest&#47;K55223DJ8901_약.pdf,http:&#47;&#47;file.fnguide.com&#47;upload1&#47;FnSpectrum&#47;invest&#47;K55223DJ8901_투.pdf,국내주식형,인덱스주식기타,2195,"노아름,강은표",KEB하나은행(구.하나은행),한국펀드파트너스,"이 투자신탁은 국내주식을 법에서 정하는 주된 투자대상으로 하며, NH투자증권에서 산출·발표하는 “iSelect 비메모리 반도체 지수”를 비교지수로 하여 비교지수 대비 초과수익 실현을 목적으로 하는 상장지수투자신탁입니다","이 투자신탁은 NH투자증권이 산출·발표하는 “iSelect 비메모리반도체 지수”를 비교지수로 하는 액티브 상장지수 집합투자기구로, 비교지수 대비 초과수익 실현을 목표로 합니다",iSelect 비메모리 반도체 지수*100%,,상승,좋음,높음,좋음,N,0.0,98.85,0.0,0.0,0.24,0.91,0.02,88.14,0.0,0.56,12.44,0.0
K55223DM7312,KB지수연계증권투자신탁230(ELS-파생형)(운용),#국내대체,1129.36,5.63,17.73,30.44,2021.09.07,2.45,24.42,32.95,30.23,43.45,,,,1,매우 높은 위험,케이비자산운용,"선취(X),후취(X),환매(X)",,http:&#47;&#47;file.fnguide.com&#47;upload1&#47;FnSpectrum&#47;invest&#47;K55223DM7312_투.pdf,국내대체,ELF,16,황명찬,우리은행,국민은행,"이 투자신탁은 파생결합증권을 주된 투자대상으로 하는 투자신탁으로서, S&P500 지수, HSCEI 지수, EUROSTOXX50 지수의 변동에 연계되고 매 6개월 단위로 조기상환조건이 내재된 파생결합증권에 투자함으로써 수익을 추구하는 것을 목적으로 합니다.","이 투자신탁은 주로 S&P500 지수, HSCEI 지수, EUROSTOXX50 지수의 변동에 연계되고 매 6개월 단위로 조기상환조건이 내재된 파생결합증권에 집합투자재산의 대부분을 투자할 계획입니다.",-,,하락,미흡,높음,좋음,Y,0.0,0.0,0.0,0.0,0.0,100.0,0.0,0.0,0.0,1.5,0.42,98.08
K55223DM7320,KB지수연계증권투자신탁230(ELS-파생형)A,#국내대체,1128.94,5.62,17.73,30.44,2021.09.07,2.45,24.42,32.95,30.23,43.45,,,0.01,1,매우 높은 위험,케이비자산운용,"선취(X),후취(X),환매(X)",,http:&#47;&#47;file.fnguide.com&#47;upload1&#47;FnSpectrum&#47;invest&#47;K55223DM7312_투.pdf,국내대체,ELF,16,황명찬,우리은행,국민은행,"이 투자신탁은 파생결합증권을 주된 투자대상으로 하는 투자신탁으로서, S&P500 지수, HSCEI 지수, EUROSTOXX50 지수의 변동에 연계되고 매 6개월 단위로 조기상환조건이 내재된 파생결합증권에 투자함으로써 수익을 추구하는 것을 목적으로 합니다.","이 투자신탁은 주로 S&P500 지수, HSCEI 지수, EUROSTOXX50 지수의 변동에 연계되고 매 6개월 단위로 조기상환조건이 내재된 파생결합증권에 집합투자재산의 대부분을 투자할 계획입니다.",-,,하락,미흡,높음,좋음,Y,0.0,0.0,0.0,0.0,0.0,100.0,0.0,0.0,0.0,1.5,0.42,98.08
K55223DX4944,KBKBSTAR글로벌원자력iSelect증권상장지수투자신탁(주식),#해외주식형#ETF(해외주식)#해외지수#글로벌,17790.97,-621.08,320.24,28.65,2022.09.26,11.42,25.81,35.52,36.51,75.99,,,0.79,2,높은 위험,케이비자산운용,"선취(X),후취(X),환매(X)",,http:&#47;&#47;file.fnguide.com&#47;upload1&#47;FnSpectrum&#47;invest&#47;K55223DX4944_투.pdf,해외주식형,글로벌주식,180,노아름,HSBC은행,한국펀드파트너스,"이 투자신탁은 기초지수인 iSelect 글로벌원자력 지수 의 원화환산지수 환헤지 안함 ))’의 수익률과 유사한 수익률을 실현하는 것을 목표로 하는 상장지수투자신탁으로, 기초지수를 완전 복제하는 방식으로 운용할 계획입니다",이 투자신탁은 NH투자증권이 산출·발표하는 iSelect 글로벌원자력 지수의 원화환산지수(환헤지 안함)를 기초지수로 하여 1좌당 순자산가치의 변동률을 기초지수의 변동률과 유사하도록 투자신탁재산을 운용하는 것을 목표로 합니다.,iSelect 글로벌원자력 지수의 원화환산지수(환헤지 안함)*100%,글로벌&#47;글로벌,상승,좋음,높음,좋음,N,56.35,37.04,0.0,0.0,14.63,0.0,59.39,1.23,0.02,0.0,32.48,6.88
K55223DP1155,KBKBSTAR글로벌메타버스Moorgate증권상장지수투자신탁(주식),#해외주식형#ETF(해외주식)#해외지수#글로벌,14006.96,205.83,77.04,52.3,2021.12.20,11.5,11.61,39.36,33.19,53.99,,,0.69,2,높은 위험,케이비자산운용,"선취(X),후취(X),환매(X)",http:&#47;&#47;file.fnguide.com&#47;upload1&#47;FnSpectrum&#47;invest&#47;K55223DP1155_약.pdf,http:&#47;&#47;file.fnguide.com&#47;upload1&#47;FnSpectrum&#47;invest&#47;K55223DP1155_투.pdf,해외주식형,글로벌주식,55,노아름,HSBC은행,한국펀드파트너스,"이 투자신탁은 전세계 주요국가에 상장된 메타버스 관련 주식을 법에서 정하는 주된 투자대상으로 하며, Moorgate Benchmarks Ltd에서 산출 및 발표하는 Global Metaverse Index의 원화환산지수(환헤지 안함)를 기초지수로 하여 1좌당 순자산가치의 변동률을 기초지수의 변동률과 유사하도록 투자신탁재산을 운용하는 것을 목적으로 하는 투자신탁입니다.",이 투자신탁은 Moorgate Benchmarks Ltd에서 산출 및 발표하는 Global Metaverse Index의 원화환산지수(환헤지 안함)를 기초지수로 하여 1좌당 순자산가치의 변동률을 기초지수의 변동률과 유사하도록 투자신탁재산을 운용하는 것을 목표로 합니다.,Global Metaverse Index의 원화환산지수(환헤지 안함)*100%,글로벌&#47;글로벌,유지,좋음,높음,좋음,N,89.81,9.18,0.0,0.0,0.0,1.01,59.39,1.23,0.02,0.0,32.48,6.88
K55223DJ8901,KBKBSTAR비메모리반도체액티브증권상장지수투자신탁(주식),#국내주식형#ETF(국내주식)#IT,13735.98,-150.71,3107.08,4.28,2021.06.09,-0.92,7.99,22.41,16.08,46.25,,,0.57,2,높은 위험,케이비자산운용,"선취(X),후취(X),환매(X)",http:&#47;&#47;file.fnguide.com&#47;upload1&#47;FnSpectrum&#47;invest&#47;K55223DJ8901_약.pdf,http:&#47;&#47;file.fnguide.com&#47;upload1&#47;FnSpectrum&#47;invest&#47;K55223DJ8901_투.pdf,국내주식형,인덱스주식기타,2195,"노아름,강은표",KEB하나은행(구.하나은행),한국펀드파트너스,"이 투자신탁은 국내주식을 법에서 정하는 주된 투자대상으로 하며, NH투자증권에서 산출·발표하는 “iSelect 비메모리 반도체 지수”를 비교지수로 하여 비교지수 대비 초과수익 실현을 목적으로 하는 상장지수투자신탁입니다","이 투자신탁은 NH투자증권이 산출·발표하는 “iSelect 비메모리반도체 지수”를 비교지수로 하는 액티브 상장지수 집합투자기구로, 비교지수 대비 초과수익 실현을 목표로 합니다",iSelect 비메모리 반도체 지수*100%,,상승,좋음,높음,좋음,N,0.0,98.85,0.0,0.0,0.24,0.91,0.02,88.14,0.0,0.56,12.44,0.0
K55223DM7312,KB지수연계증권투자신탁230(ELS-파생형)(운용),#국내대체,1129.36,5.63,17.73,30.44,2021.09.07,2.45,24.42,32.95,30.23,43.45,,,,1,매우 높은 위험,케이비자산운용,"선취(X),후취(X),환매(X)",,http:&#47;&#47;file.fnguide.com&#47;upload1&#47;FnSpectrum&#47;invest&#47;K55223DM7312_투.pdf,국내대체,ELF,16,황명찬,우리은행,국민은행,"이 투자신탁은 파생결합증권을 주된 투자대상으로 하는 투자신탁으로서, S&P500 지수, HSCEI 지수, EUROSTOXX50 지수의 변동에 연계되고 매 6개월 단위로 조기상환조건이 내재된 파생결합증권에 투자함으로써 수익을 추구하는 것을 목적으로 합니다.","이 투자신탁은 주로 S&P500 지수, HSCEI 지수, EUROSTOXX50 지수의 변동에 연계되고 매 6개월 단위로 조기상환조건이 내재된 파생결합증권에 집합투자재산의 대부분을 투자할 계획입니다.",-,,하락,미흡,높음,좋음,Y,0.0,0.0,0.0,0.0,0.0,100.0,0.0,0.0,0.0,1.5,0.42,98.08
K55223DM7320,KB지수연계증권투자신탁230(ELS-파생형)A,#국내대체,1128.94,5.62,17.73,30.44,2021.09.07,2.45,24.42,32.95,30.23,43.45,,,0.01,1,매우 높은 위험,케이비자산운용,"선취(X),후취(X),환매(X)",,http:&#47;&#47;file.fnguide.com&#47;upload1&#47;FnSpectrum&#47;invest&#47;K55223DM7312_투.pdf,국내대체,ELF,16,황명찬,우리은행,국민은행,"이 투자신탁은 파생결합증권을 주된 투자대상으로 하는 투자신탁으로서, S&P500 지수, HSCEI 지수, EUROSTOXX50 지수의 변동에 연계되고 매 6개월 단위로 조기상환조건이 내재된 파생결합증권에 투자함으로써 수익을 추구하는 것을 목적으로 합니다.","이 투자신탁은 주로 S&P500 지수, HSCEI 지수, EUROSTOXX50 지수의 변동에 연계되고 매 6개월 단위로 조기상환조건이 내재된 파생결합증권에 집합투자재산의 대부분을 투자할 계획입니다.",-,,하락,미흡,높음,좋음,Y,0.0,0.0,0.0,0.0,0.0,100.0,0.0,0.0,0.0,1.5,0.42,98.08
K55223DX4944,KBKBSTAR글로벌원자력iSelect증권상장지수투자신탁(주식),#해외주식형#ETF(해외주식)#해외지수#글로벌,17790.97,-621.08,320.24,28.65,2022.09.26,11.42,25.81,35.52,36.51,75.99,,,0.79,2,높은 위험,케이비자산운용,"선취(X),후취(X),환매(X)",,http:&#47;&#47;file.fnguide.com&#47;upload1&#47;FnSpectrum&#47;invest&#47;K55223DX4944_투.pdf,해외주식형,글로벌주식,180,노아름,HSBC은행,한국펀드파트너스,"이 투자신탁은 기초지수인 iSelect 글로벌원자력 지수 의 원화환산지수 환헤지 안함 ))’의 수익률과 유사한 수익률을 실현하는 것을 목표로 하는 상장지수투자신탁으로, 기초지수를 완전 복제하는 방식으로 운용할 계획입니다",이 투자신탁은 NH투자증권이 산출·발표하는 iSelect 글로벌원자력 지수의 원화환산지수(환헤지 안함)를 기초지수로 하여 1좌당 순자산가치의 변동률을 기초지수의 변동률과 유사하도록 투자신탁재산을 운용하는 것을 목표로 합니다.,iSelect 글로벌원자력 지수의 원화환산지수(환헤지 안함)*100%,글로벌&#47;글로벌,상승,좋음,높음,좋음,N,56.35,37.04,0.0,0.0,14.63,0.0,59.39,1.23,0.02,0.0,32.48,6.88
K55223DP1155,KBKBSTAR글로벌메타버스Moorgate증권상장지수투자신탁(주식),#해외주식형#ETF(해외주식)#해외지수#글로벌,14006.96,205.83,77.04,52.3,2021.12.20,11.5,11.61,39.36,33.19,53.99,,,0.69,2,높은 위험,케이비자산운용,"선취(X),후취(X),환매(X)",http:&#47;&#47;file.fnguide.com&#47;upload1&#47;FnSpectrum&#47;invest&#47;K55223DP1155_약.pdf,http:&#47;&#47;file.fnguide.com&#47;upload1&#47;FnSpectrum&#47;invest&#47;K55223DP1155_투.pdf,해외주식형,글로벌주식,55,노아름,HSBC은행,한국펀드파트너스,"이 투자신탁은 전세계 주요국가에 상장된 메타버스 관련 주식을 법에서 정하는 주된 투자대상으로 하며, Moorgate Benchmarks Ltd에서 산출 및 발표하는 Global Metaverse Index의 원화환산지수(환헤지 안함)를 기초지수로 하여 1좌당 순자산가치의 변동률을 기초지수의 변동률과 유사하도록 투자신탁재산을 운용하는 것을 목적으로 하는 투자신탁입니다.",이 투자신탁은 Moorgate Benchmarks Ltd에서 산출 및 발표하는 Global Metaverse Index의 원화환산지수(환헤지 안함)를 기초지수로 하여 1좌당 순자산가치의 변동률을 기초지수의 변동률과 유사하도록 투자신탁재산을 운용하는 것을 목표로 합니다.,Global Metaverse Index의 원화환산지수(환헤지 안함)*100%,글로벌&#47;글로벌,유지,좋음,높음,좋음,N,89.81,9.18,0.0,0.0,0.0,1.01,59.39,1.23,0.02,0.0,32.48,6.88
K55223DJ8901,KBKBSTAR비메모리반도체액티브증권상장지수투자신탁(주식),#국내주식형#ETF(국내주식)#IT,13735.98,-150.71,3107.08,4.28,2021.06.09,-0.92,7.99,22.41,16.08,46.25,,,0.57,2,높은 위험,케이비자산운용,"선취(X),후취(X),환매(X)",http:&#47;&#47;file.fnguide.com&#47;upload1&#47;FnSpectrum&#47;invest&#47;K55223DJ8901_약.pdf,http:&#47;&#47;file.fnguide.com&#47;upload1&#47;FnSpectrum&#47;invest&#47;K55223DJ8901_투.pdf,국내주식형,인덱스주식기타,2195,"노아름,강은표",KEB하나은행(구.하나은행),한국펀드파트너스,"이 투자신탁은 국내주식을 법에서 정하는 주된 투자대상으로 하며, NH투자증권에서 산출·발표하는 “iSelect 비메모리 반도체 지수”를 비교지수로 하여 비교지수 대비 초과수익 실현을 목적으로 하는 상장지수투자신탁입니다","이 투자신탁은 NH투자증권이 산출·발표하는 “iSelect 비메모리반도체 지수”를 비교지수로 하는 액티브 상장지수 집합투자기구로, 비교지수 대비 초과수익 실현을 목표로 합니다",iSelect 비메모리 반도체 지수*100%,,상승,좋음,높음,좋음,N,0.0,98.85,0.0,0.0,0.24,0.91,0.02,88.14,0.0,0.56,12.44,0.0
K55223DM7312,KB지수연계증권투자신탁230(ELS-파생형)(운용),#국내대체,1129.36,5.63,17.73,30.44,2021.09.07,2.45,24.42,32.95,30.23,43.45,,,,1,매우 높은 위험,케이비자산운용,"선취(X),후취(X),환매(X)",,http:&#47;&#47;file.fnguide.com&#47;upload1&#47;FnSpectrum&#47;invest&#47;K55223DM7312_투.pdf,국내대체,ELF,16,황명찬,우리은행,국민은행,"이 투자신탁은 파생결합증권을 주된 투자대상으로 하는 투자신탁으로서, S&P500 지수, HSCEI 지수, EUROSTOXX50 지수의 변동에 연계되고 매 6개월 단위로 조기상환조건이 내재된 파생결합증권에 투자함으로써 수익을 추구하는 것을 목적으로 합니다.","이 투자신탁은 주로 S&P500 지수, HSCEI 지수, EUROSTOXX50 지수의 변동에 연계되고 매 6개월 단위로 조기상환조건이 내재된 파생결합증권에 집합투자재산의 대부분을 투자할 계획입니다.",-,,하락,미흡,높음,좋음,Y,0.0,0.0,0.0,0.0,0.0,100.0,0.0,0.0,0.0,1.5,0.42,98.08
K55223DM7320,KB지수연계증권투자신탁230(ELS-파생형)A,#국내대체,1128.94,5.62,17.73,30.44,2021.09.07,2.45,24.42,32.95,30.23,43.45,,,0.01,1,매우 높은 위험,케이비자산운용,"선취(X),후취(X),환매(X)",,http:&#47;&#47;file.fnguide.com&#47;upload1&#47;FnSpectrum&#47;invest&#47;K55223DM7312_투.pdf,국내대체,ELF,16,황명찬,우리은행,국민은행,"이 투자신탁은 파생결합증권을 주된 투자대상으로 하는 투자신탁으로서, S&P500 지수, HSCEI 지수, EUROSTOXX50 지수의 변동에 연계되고 매 6개월 단위로 조기상환조건이 내재된 파생결합증권에 투자함으로써 수익을 추구하는 것을 목적으로 합니다.","이 투자신탁은 주로 S&P500 지수, HSCEI 지수, EUROSTOXX50 지수의 변동에 연계되고 매 6개월 단위로 조기상환조건이 내재된 파생결합증권에 집합투자재산의 대부분을 투자할 계획입니다.",-,,하락,미흡,높음,좋음,Y,0.0,0.0,0.0,0.0,0.0,100.0,0.0,0.0,0.0,1.5,0.42,98.08
